id,age,gender,income,spending_score,membership_years,purchase_frequency,preferred_category,last_purchase_amount,annual_spend,customer_lifetime_value,Segment,,,,,
1,38,Female,"$99,342",90,3,24,Groceries,$113.53,"$2,724.72","$8,174.16",High Value,,,,,
2,21,Female,"$78,852",60,2,42,Sports,$41.93,"$1,761.06","$3,522.12",Price Sensitive,,,,,
3,60,Female,"$126,573",30,2,28,Clothing,$424.36,"$11,882.08","$23,764.16",Growth Potential,,,,,
4,40,Other,"$47,099",74,9,5,Home & Garden,$991.93,"$4,959.65","$44,636.85",Price Sensitive,,,,,
5,65,Female,"$140,621",21,3,25,Electronics,$347.08,"$8,677.00","$26,031.00",Growth Potential,,,,,
6,31,Other,"$57,305",24,3,30,Home & Garden,$86.85,"$2,605.50","$7,816.50",Low Engagement,,,,,
7,19,Other,"$54,319",68,5,43,Clothing,$191.72,"$8,243.96","$41,219.80",Price Sensitive,,,,,
8,43,Male,"$108,115",94,9,27,Groceries,$734.56,"$19,833.12","$178,498.08",High Value,,,,,
9,53,Male,"$34,424",29,6,7,Sports,$951.71,"$6,661.97","$39,971.82",Low Engagement,,,,,
10,55,Female,"$45,839",55,7,2,Electronics,$821.18,"$1,642.36","$11,496.52",Price Sensitive,,,,,
11,23,Other,"$69,659",16,7,24,Clothing,$434.97,"$10,439.28","$73,074.96",Low Engagement,,,,,
12,68,Other,"$30,058",91,1,49,Groceries,$889.94,"$43,607.06","$43,607.06",Price Sensitive,,,,,
13,29,Female,"$87,461",81,3,27,Home & Garden,$101.07,"$2,728.89","$8,186.67",Price Sensitive,,,,,
14,64,Other,"$33,018",46,4,3,Sports,$221.35,$664.05,"$2,656.20",Low Engagement,,,,,
15,33,Male,"$112,260",17,5,8,Home & Garden,$915.89,"$7,327.12","$36,635.60",Growth Potential,,,,,
16,53,Male,"$129,284",17,6,26,Clothing,$225.40,"$5,860.40","$35,162.40",Growth Potential,,,,,
17,57,Male,"$102,535",29,5,13,Clothing,$378.47,"$4,920.11","$24,600.55",Growth Potential,,,,,
18,22,Male,"$41,849",22,1,31,Sports,$844.08,"$26,166.48","$26,166.48",Low Engagement,,,,,
19,37,Male,"$95,491",90,6,21,Home & Garden,$454.83,"$9,551.43","$57,308.58",High Value,,,,,
20,31,Male,"$97,103",70,3,17,Groceries,$61.30,"$1,042.10","$3,126.30",High Value,,,,,
21,19,Female,"$82,519",13,4,4,Home & Garden,$742.39,"$2,969.56","$11,878.24",Low Engagement,,,,,
22,22,Male,"$49,077",74,10,47,Home & Garden,$799.31,"$37,567.57","$375,675.70",Price Sensitive,,,,,
23,36,Other,"$85,473",68,1,16,Sports,$806.55,"$12,904.80","$12,904.80",Price Sensitive,,,,,
24,41,Other,"$81,758",87,7,9,Clothing,$482.20,"$4,339.80","$30,378.60",Price Sensitive,,,,,
25,69,Female,"$36,140",78,5,39,Sports,$508.86,"$19,845.54","$99,227.70",Price Sensitive,,,,,
26,33,Other,"$141,757",60,10,39,Groceries,$83.27,"$3,247.53","$32,475.30",High Value,,,,,
27,54,Male,"$35,394",10,9,4,Groceries,$124.29,$497.16,"$4,474.44",Low Engagement,,,,,
28,30,Female,"$50,680",19,7,27,Sports,$515.88,"$13,928.76","$97,501.32",Low Engagement,,,,,
29,18,Female,"$70,721",78,7,1,Home & Garden,$191.90,$191.90,"$1,343.30",Price Sensitive,,,,,
30,23,Male,"$104,106",30,4,20,Electronics,$950.56,"$19,011.20","$76,044.80",Growth Potential,,,,,
31,36,Other,"$76,756",16,8,27,Clothing,$970.06,"$26,191.62","$209,532.96",Low Engagement,,,,,
32,60,Female,"$45,733",69,2,18,Electronics,$197.29,"$3,551.22","$7,102.44",Price Sensitive,,,,,
33,29,Male,"$71,951",2,6,47,Electronics,$91.94,"$4,321.18","$25,927.08",Low Engagement,,,,,
34,44,Other,"$86,593",89,4,37,Groceries,$76.95,"$2,847.15","$11,388.60",Price Sensitive,,,,,
35,45,Other,"$43,138",54,10,48,Sports,$639.22,"$30,682.56","$306,825.60",Price Sensitive,,,,,
36,30,Female,"$73,464",37,1,6,Clothing,$532.51,"$3,195.06","$3,195.06",Low Engagement,,,,,
37,47,Male,"$108,074",78,4,38,Electronics,$128.20,"$4,871.60","$19,486.40",High Value,,,,,
38,48,Other,"$81,794",89,7,50,Electronics,$967.99,"$48,399.50","$338,796.50",Price Sensitive,,,,,
39,31,Female,"$75,392",43,4,29,Sports,$88.44,"$2,564.76","$10,259.04",Low Engagement,,,,,
40,22,Male,"$107,057",14,5,41,Home & Garden,$98.86,"$4,053.26","$20,266.30",Growth Potential,,,,,
41,23,Male,"$70,723",31,1,48,Home & Garden,$713.33,"$34,239.84","$34,239.84",Low Engagement,,,,,
42,52,Male,"$115,529",70,2,34,Clothing,$192.66,"$6,550.44","$13,100.88",High Value,,,,,
43,35,Male,"$72,179",6,6,45,Home & Garden,$165.18,"$7,433.10","$44,598.60",Low Engagement,,,,,
44,28,Other,"$62,405",79,5,50,Home & Garden,$956.73,"$47,836.50","$239,182.50",Price Sensitive,,,,,
45,50,Male,"$42,404",45,4,31,Home & Garden,$753.60,"$23,361.60","$93,446.40",Low Engagement,,,,,
46,49,Other,"$94,531",28,5,42,Clothing,$214.93,"$9,027.06","$45,135.30",Growth Potential,,,,,
47,56,Male,"$129,005",40,6,8,Electronics,$355.34,"$2,842.72","$17,056.32",Growth Potential,,,,,
48,48,Male,"$76,317",94,9,3,Electronics,$189.28,$567.84,"$5,110.56",Price Sensitive,,,,,
49,19,Other,"$85,309",65,5,10,Sports,$28.55,$285.50,"$1,427.50",Price Sensitive,,,,,
50,68,Female,"$146,519",96,2,18,Groceries,$673.79,"$12,128.22","$24,256.44",High Value,,,,,
51,61,Female,"$61,290",83,9,35,Clothing,$110.32,"$3,861.20","$34,750.80",Price Sensitive,,,,,
52,24,Female,"$96,082",83,4,36,Sports,$589.35,"$21,216.60","$84,866.40",High Value,,,,,
53,45,Other,"$134,241",73,9,16,Groceries,$893.44,"$14,295.04","$128,655.36",High Value,,,,,
54,33,Female,"$45,136",84,9,38,Home & Garden,$332.34,"$12,628.92","$113,660.28",Price Sensitive,,,,,
55,56,Female,"$85,476",55,2,41,Sports,$774.50,"$31,754.50","$63,509.00",Price Sensitive,,,,,
56,42,Other,"$73,466",50,4,13,Sports,$903.07,"$11,739.91","$46,959.64",Low Engagement,,,,,
57,63,Other,"$49,607",7,9,20,Electronics,$195.34,"$3,906.80","$35,161.20",Low Engagement,,,,,
58,49,Female,"$112,198",48,5,24,Sports,$843.87,"$20,252.88","$101,264.40",Growth Potential,,,,,
59,43,Female,"$81,595",12,7,1,Electronics,$806.26,$806.26,"$5,643.82",Low Engagement,,,,,
60,21,Female,"$139,387",1,5,7,Clothing,$399.58,"$2,797.06","$13,985.30",Growth Potential,,,,,
61,23,Male,"$69,133",14,6,7,Groceries,$224.86,"$1,574.02","$9,444.12",Low Engagement,,,,,
62,30,Other,"$89,149",87,10,36,Clothing,$174.41,"$6,278.76","$62,787.60",High Value,,,,,
63,49,Female,"$79,992",49,8,6,Sports,$636.65,"$3,819.90","$30,559.20",Low Engagement,,,,,
64,50,Female,"$85,111",31,1,19,Electronics,$319.05,"$6,061.95","$6,061.95",Low Engagement,,,,,
65,27,Other,"$90,557",36,2,2,Sports,$494.55,$989.10,"$1,978.20",Growth Potential,,,,,
66,32,Male,"$100,270",69,3,29,Home & Garden,$686.05,"$19,895.45","$59,686.35",High Value,,,,,
67,36,Female,"$127,346",75,5,7,Electronics,$335.98,"$2,351.86","$11,759.30",High Value,,,,,
68,43,Female,"$87,807",52,9,41,Clothing,$95.08,"$3,898.28","$35,084.52",Price Sensitive,,,,,
69,32,Male,"$135,861",88,5,16,Electronics,$103.33,"$1,653.28","$8,266.40",High Value,,,,,
70,49,Other,"$40,936",32,9,49,Sports,$495.62,"$24,285.38","$218,568.42",Low Engagement,,,,,
71,23,Female,"$66,376",60,1,18,Electronics,$77.73,"$1,399.14","$1,399.14",Price Sensitive,,,,,
72,58,Other,"$56,120",30,3,50,Groceries,$880.23,"$44,011.50","$132,034.50",Low Engagement,,,,,
73,31,Female,"$112,452",21,1,5,Groceries,$552.21,"$2,761.05","$2,761.05",Growth Potential,,,,,
74,38,Female,"$102,944",63,8,9,Home & Garden,$92.69,$834.21,"$6,673.68",High Value,,,,,
75,58,Other,"$143,037",56,8,42,Groceries,$57.57,"$2,417.94","$19,343.52",High Value,,,,,
76,60,Female,"$131,101",68,8,28,Home & Garden,$522.95,"$14,642.60","$117,140.80",High Value,,,,,
77,49,Male,"$30,708",4,1,36,Groceries,$990.00,"$35,640.00","$35,640.00",Low Engagement,,,,,
78,32,Other,"$44,048",20,7,10,Clothing,$41.55,$415.50,"$2,908.50",Low Engagement,,,,,
79,30,Other,"$95,501",27,3,14,Groceries,$476.25,"$6,667.50","$20,002.50",Growth Potential,,,,,
80,68,Other,"$45,092",54,4,40,Electronics,$738.60,"$29,544.00","$118,176.00",Price Sensitive,,,,,
81,65,Other,"$117,157",90,9,39,Electronics,$812.36,"$31,682.04","$285,138.36",High Value,,,,,
82,36,Female,"$148,542",60,1,17,Groceries,$15.66,$266.22,$266.22,High Value,,,,,
83,36,Female,"$99,427",94,8,15,Sports,$265.04,"$3,975.60","$31,804.80",High Value,,,,,
84,56,Male,"$58,971",77,9,35,Electronics,$13.16,$460.60,"$4,145.40",Price Sensitive,,,,,
85,19,Male,"$101,100",43,3,14,Clothing,$392.36,"$5,493.04","$16,479.12",Growth Potential,,,,,
86,31,Other,"$61,849",24,6,31,Home & Garden,$120.80,"$3,744.80","$22,468.80",Low Engagement,,,,,
87,59,Male,"$47,990",3,10,48,Home & Garden,$755.92,"$36,284.16","$362,841.60",Low Engagement,,,,,
88,31,Male,"$55,100",20,7,31,Sports,$59.84,"$1,855.04","$12,985.28",Low Engagement,,,,,
89,18,Other,"$105,470",8,7,4,Clothing,$746.18,"$2,984.72","$20,893.04",Growth Potential,,,,,
90,45,Other,"$63,381",80,4,8,Home & Garden,$754.24,"$6,033.92","$24,135.68",Price Sensitive,,,,,
91,32,Other,"$92,089",16,1,47,Home & Garden,$209.86,"$9,863.42","$9,863.42",Growth Potential,,,,,
92,39,Other,"$104,031",67,6,28,Home & Garden,$930.36,"$26,050.08","$156,300.48",High Value,,,,,
93,65,Male,"$62,792",83,8,11,Electronics,$230.58,"$2,536.38","$20,291.04",Price Sensitive,,,,,
94,46,Other,"$113,116",7,10,13,Clothing,$190.55,"$2,477.15","$24,771.50",Growth Potential,,,,,
95,30,Other,"$75,926",97,10,19,Sports,$670.87,"$12,746.53","$127,465.30",Price Sensitive,,,,,
96,23,Male,"$108,480",46,10,21,Clothing,$377.31,"$7,923.51","$79,235.10",Growth Potential,,,,,
97,63,Other,"$102,834",31,7,20,Electronics,$582.57,"$11,651.40","$81,559.80",Growth Potential,,,,,
98,49,Male,"$46,695",99,9,26,Clothing,$674.70,"$17,542.20","$157,879.80",Price Sensitive,,,,,
99,21,Other,"$105,024",45,3,32,Sports,$795.84,"$25,466.88","$76,400.64",Growth Potential,,,,,
100,26,Female,"$59,496",58,2,50,Clothing,$23.33,"$1,166.50","$2,333.00",Price Sensitive,,,,,
101,40,Female,"$115,569",1,2,5,Groceries,$241.91,"$1,209.55","$2,419.10",Growth Potential,,,,,
102,18,Male,"$49,346",70,7,38,Groceries,$127.14,"$4,831.32","$33,819.24",Price Sensitive,,,,,
103,19,Male,"$75,430",50,7,32,Clothing,$532.51,"$17,040.32","$119,282.24",Low Engagement,,,,,
104,60,Female,"$142,407",4,2,1,Sports,$29.58,$29.58,$59.16,Growth Potential,,,,,
105,20,Other,"$34,982",7,2,45,Clothing,$597.15,"$26,871.75","$53,743.50",Low Engagement,,,,,
106,55,Female,"$147,187",37,7,27,Electronics,$941.67,"$25,425.09","$177,975.63",Growth Potential,,,,,
107,19,Other,"$37,993",59,6,30,Sports,$873.80,"$26,214.00","$157,284.00",Price Sensitive,,,,,
108,65,Male,"$81,753",72,9,21,Home & Garden,$633.63,"$13,306.23","$119,756.07",Price Sensitive,,,,,
109,57,Female,"$81,695",90,8,44,Electronics,$179.80,"$7,911.20","$63,289.60",Price Sensitive,,,,,
110,56,Female,"$40,676",86,7,38,Home & Garden,$627.65,"$23,850.70","$166,954.90",Price Sensitive,,,,,
111,37,Male,"$111,242",33,5,34,Sports,$756.32,"$25,714.88","$128,574.40",Growth Potential,,,,,
112,64,Male,"$87,006",85,7,20,Clothing,$930.73,"$18,614.60","$130,302.20",Price Sensitive,,,,,
113,58,Male,"$82,856",33,7,20,Groceries,$450.72,"$9,014.40","$63,100.80",Low Engagement,,,,,
114,32,Male,"$35,514",4,5,36,Sports,$415.44,"$14,955.84","$74,779.20",Low Engagement,,,,,
115,64,Male,"$87,595",11,5,21,Electronics,$69.78,"$1,465.38","$7,326.90",Low Engagement,,,,,
116,59,Male,"$125,014",89,7,42,Home & Garden,$451.82,"$18,976.44","$132,835.08",High Value,,,,,
117,62,Male,"$128,322",44,4,31,Electronics,$668.91,"$20,736.21","$82,944.84",Growth Potential,,,,,
118,62,Male,"$48,693",36,9,44,Home & Garden,$755.67,"$33,249.48","$299,245.32",Low Engagement,,,,,
119,33,Male,"$113,154",75,8,46,Groceries,$895.58,"$41,196.68","$329,573.44",High Value,,,,,
120,68,Female,"$78,309",12,2,49,Clothing,$848.14,"$41,558.86","$83,117.72",Low Engagement,,,,,
121,47,Female,"$112,072",50,5,21,Groceries,$884.19,"$18,567.99","$92,839.95",Growth Potential,,,,,
122,43,Male,"$42,855",66,6,23,Electronics,$138.51,"$3,185.73","$19,114.38",Price Sensitive,,,,,
123,26,Other,"$55,515",29,9,37,Sports,$50.57,"$1,871.09","$16,839.81",Low Engagement,,,,,
124,30,Male,"$51,454",94,8,17,Home & Garden,$553.35,"$9,406.95","$75,255.60",Price Sensitive,,,,,
125,66,Other,"$69,362",58,1,23,Clothing,$960.08,"$22,081.84","$22,081.84",Price Sensitive,,,,,
126,26,Female,"$69,795",60,9,29,Electronics,$389.37,"$11,291.73","$101,625.57",Price Sensitive,,,,,
127,58,Male,"$32,860",90,5,18,Sports,$405.05,"$7,290.90","$36,454.50",Price Sensitive,,,,,
128,40,Other,"$81,037",70,10,45,Electronics,$370.75,"$16,683.75","$166,837.50",Price Sensitive,,,,,
129,67,Other,"$40,385",64,1,17,Sports,$957.06,"$16,270.02","$16,270.02",Price Sensitive,,,,,
130,61,Female,"$131,607",25,7,26,Clothing,$714.15,"$18,567.90","$129,975.30",Growth Potential,,,,,
131,51,Male,"$42,337",70,9,28,Sports,$914.97,"$25,619.16","$230,572.44",Price Sensitive,,,,,
132,67,Female,"$116,124",78,10,28,Home & Garden,$11.29,$316.12,"$3,161.20",High Value,,,,,
133,25,Other,"$94,016",85,8,49,Groceries,$764.28,"$37,449.72","$299,597.76",High Value,,,,,
134,26,Male,"$62,131",91,6,18,Sports,$70.56,"$1,270.08","$7,620.48",Price Sensitive,,,,,
135,29,Female,"$100,290",85,8,29,Clothing,$480.87,"$13,945.23","$111,561.84",High Value,,,,,
136,31,Male,"$145,261",25,10,37,Sports,$378.40,"$14,000.80","$140,008.00",Growth Potential,,,,,
137,48,Male,"$81,763",49,6,46,Sports,$179.25,"$8,245.50","$49,473.00",Low Engagement,,,,,
138,67,Female,"$120,561",66,2,21,Clothing,$798.20,"$16,762.20","$33,524.40",High Value,,,,,
139,18,Female,"$99,638",33,8,23,Groceries,$316.27,"$7,274.21","$58,193.68",Growth Potential,,,,,
140,18,Female,"$78,097",84,3,26,Clothing,$453.34,"$11,786.84","$35,360.52",Price Sensitive,,,,,
141,23,Other,"$67,237",85,9,40,Electronics,$673.02,"$26,920.80","$242,287.20",Price Sensitive,,,,,
142,37,Male,"$61,695",13,5,45,Home & Garden,$18.49,$832.05,"$4,160.25",Low Engagement,,,,,
143,55,Other,"$101,084",73,9,24,Groceries,$624.81,"$14,995.44","$134,958.96",High Value,,,,,
144,41,Female,"$82,613",49,3,10,Home & Garden,$421.24,"$4,212.40","$12,637.20",Low Engagement,,,,,
145,44,Other,"$122,987",29,10,25,Electronics,$898.68,"$22,467.00","$224,670.00",Growth Potential,,,,,
146,58,Other,"$90,389",17,5,12,Electronics,$855.21,"$10,262.52","$51,312.60",Growth Potential,,,,,
147,69,Male,"$90,929",2,10,29,Electronics,$518.70,"$15,042.30","$150,423.00",Growth Potential,,,,,
148,47,Female,"$104,517",91,2,6,Home & Garden,$979.41,"$5,876.46","$11,752.92",High Value,,,,,
149,34,Other,"$79,949",89,3,19,Groceries,$273.34,"$5,193.46","$15,580.38",Price Sensitive,,,,,
150,54,Male,"$100,745",29,6,42,Clothing,$335.15,"$14,076.30","$84,457.80",Growth Potential,,,,,
151,55,Other,"$138,064",86,5,22,Electronics,$368.75,"$8,112.50","$40,562.50",High Value,,,,,
152,45,Female,"$79,721",20,1,1,Home & Garden,$215.41,$215.41,$215.41,Low Engagement,,,,,
153,43,Male,"$33,030",61,8,40,Groceries,$711.04,"$28,441.60","$227,532.80",Price Sensitive,,,,,
154,30,Other,"$78,653",43,4,2,Electronics,$933.73,"$1,867.46","$7,469.84",Low Engagement,,,,,
155,53,Other,"$146,312",58,2,32,Electronics,$880.78,"$28,184.96","$56,369.92",High Value,,,,,
156,24,Female,"$103,766",77,4,25,Home & Garden,$663.21,"$16,580.25","$66,321.00",High Value,,,,,
157,69,Female,"$51,990",59,2,37,Clothing,$762.41,"$28,209.17","$56,418.34",Price Sensitive,,,,,
158,61,Other,"$46,738",36,3,26,Groceries,$393.60,"$10,233.60","$30,700.80",Low Engagement,,,,,
159,58,Other,"$107,818",70,5,24,Home & Garden,$722.18,"$17,332.32","$86,661.60",High Value,,,,,
160,36,Other,"$83,511",28,5,49,Home & Garden,$367.97,"$18,030.53","$90,152.65",Low Engagement,,,,,
161,69,Female,"$117,782",18,1,15,Sports,$762.55,"$11,438.25","$11,438.25",Growth Potential,,,,,
162,64,Other,"$122,472",75,1,17,Sports,$771.33,"$13,112.61","$13,112.61",High Value,,,,,
163,45,Male,"$76,259",72,5,41,Sports,$228.88,"$9,384.08","$46,920.40",Price Sensitive,,,,,
164,60,Other,"$98,771",37,8,42,Sports,$520.37,"$21,855.54","$174,844.32",Growth Potential,,,,,
165,64,Other,"$96,494",10,4,47,Home & Garden,$184.45,"$8,669.15","$34,676.60",Growth Potential,,,,,
166,41,Female,"$48,155",19,10,36,Groceries,$566.65,"$20,399.40","$203,994.00",Low Engagement,,,,,
167,18,Other,"$46,707",61,10,16,Clothing,$18.60,$297.60,"$2,976.00",Price Sensitive,,,,,
168,36,Other,"$87,275",82,9,2,Clothing,$14.52,$29.04,$261.36,Price Sensitive,,,,,
169,51,Female,"$58,930",95,5,33,Sports,$115.09,"$3,797.97","$18,989.85",Price Sensitive,,,,,
170,37,Male,"$33,987",60,8,39,Groceries,$975.10,"$38,028.90","$304,231.20",Price Sensitive,,,,,
171,21,Male,"$140,801",13,3,43,Home & Garden,$82.88,"$3,563.84","$10,691.52",Growth Potential,,,,,
172,19,Male,"$98,446",25,4,34,Groceries,$696.59,"$23,684.06","$94,736.24",Growth Potential,,,,,
173,56,Female,"$111,754",96,8,38,Home & Garden,$631.06,"$23,980.28","$191,842.24",High Value,,,,,
174,47,Other,"$66,932",89,5,9,Home & Garden,$861.66,"$7,754.94","$38,774.70",Price Sensitive,,,,,
175,33,Female,"$81,766",86,1,16,Sports,$160.11,"$2,561.76","$2,561.76",Price Sensitive,,,,,
176,34,Male,"$79,572",62,2,24,Sports,$843.15,"$20,235.60","$40,471.20",Price Sensitive,,,,,
177,65,Other,"$123,680",30,2,35,Electronics,$218.74,"$7,655.90","$15,311.80",Growth Potential,,,,,
178,67,Female,"$130,300",75,5,27,Electronics,$94.32,"$2,546.64","$12,733.20",High Value,,,,,
179,45,Female,"$102,050",57,8,39,Groceries,$263.93,"$10,293.27","$82,346.16",High Value,,,,,
180,48,Male,"$121,325",30,3,35,Home & Garden,$624.36,"$21,852.60","$65,557.80",Growth Potential,,,,,
181,49,Male,"$76,202",83,3,6,Groceries,$208.79,"$1,252.74","$3,758.22",Price Sensitive,,,,,
182,40,Male,"$136,323",36,6,25,Electronics,$625.28,"$15,632.00","$93,792.00",Growth Potential,,,,,
183,43,Female,"$32,512",95,4,49,Home & Garden,$223.39,"$10,946.11","$43,784.44",Price Sensitive,,,,,
184,27,Male,"$63,313",8,10,42,Groceries,$35.01,"$1,470.42","$14,704.20",Low Engagement,,,,,
185,41,Female,"$104,337",91,6,27,Home & Garden,$401.63,"$10,844.01","$65,064.06",High Value,,,,,
186,40,Other,"$124,138",84,10,41,Groceries,$426.62,"$17,491.42","$174,914.20",High Value,,,,,
187,35,Male,"$137,307",32,6,24,Electronics,$111.27,"$2,670.48","$16,022.88",Growth Potential,,,,,
188,55,Male,"$77,060",14,2,16,Sports,$286.79,"$4,588.64","$9,177.28",Low Engagement,,,,,
189,45,Male,"$108,335",62,1,35,Electronics,$940.93,"$32,932.55","$32,932.55",High Value,,,,,
190,41,Other,"$59,408",68,1,16,Electronics,$504.16,"$8,066.56","$8,066.56",Price Sensitive,,,,,
191,35,Male,"$100,208",80,2,27,Electronics,$23.73,$640.71,"$1,281.42",High Value,,,,,
192,63,Other,"$109,506",48,10,50,Electronics,$26.85,"$1,342.50","$13,425.00",Growth Potential,,,,,
193,69,Female,"$39,509",10,6,27,Groceries,$377.66,"$10,196.82","$61,180.92",Low Engagement,,,,,
194,69,Male,"$74,519",95,10,42,Clothing,$931.51,"$39,123.42","$391,234.20",Price Sensitive,,,,,
195,67,Other,"$31,806",79,8,13,Electronics,$261.07,"$3,393.91","$27,151.28",Price Sensitive,,,,,
196,48,Male,"$108,550",5,6,35,Home & Garden,$410.05,"$14,351.75","$86,110.50",Growth Potential,,,,,
197,34,Female,"$56,125",66,10,26,Home & Garden,$610.66,"$15,877.16","$158,771.60",Price Sensitive,,,,,
198,39,Male,"$116,566",76,9,21,Groceries,$32.38,$679.98,"$6,119.82",High Value,,,,,
199,45,Female,"$82,014",30,10,15,Groceries,$81.91,"$1,228.65","$12,286.50",Low Engagement,,,,,
200,63,Female,"$113,240",47,9,22,Clothing,$279.96,"$6,159.12","$55,432.08",Growth Potential,,,,,
201,45,Male,"$111,788",28,9,49,Groceries,$628.43,"$30,793.07","$277,137.63",Growth Potential,,,,,
202,25,Male,"$30,570",16,8,44,Sports,$971.09,"$42,727.96","$341,823.68",Low Engagement,,,,,
203,66,Other,"$106,631",41,6,9,Home & Garden,$354.46,"$3,190.14","$19,140.84",Growth Potential,,,,,
204,49,Male,"$100,258",53,6,27,Home & Garden,$436.43,"$11,783.61","$70,701.66",High Value,,,,,
205,27,Male,"$132,541",78,8,42,Electronics,$825.01,"$34,650.42","$277,203.36",High Value,,,,,
206,34,Male,"$97,962",18,3,19,Electronics,$947.73,"$18,006.87","$54,020.61",Growth Potential,,,,,
207,58,Male,"$48,714",75,10,40,Sports,$324.91,"$12,996.40","$129,964.00",Price Sensitive,,,,,
208,59,Female,"$70,050",62,3,10,Clothing,$49.53,$495.30,"$1,485.90",Price Sensitive,,,,,
209,60,Female,"$124,416",24,5,39,Home & Garden,$544.04,"$21,217.56","$106,087.80",Growth Potential,,,,,
210,47,Other,"$93,783",24,10,3,Electronics,$406.56,"$1,219.68","$12,196.80",Growth Potential,,,,,
211,40,Female,"$83,445",89,7,11,Clothing,$356.35,"$3,919.85","$27,438.95",Price Sensitive,,,,,
212,18,Other,"$54,421",20,1,41,Home & Garden,$215.95,"$8,853.95","$8,853.95",Low Engagement,,,,,
213,47,Female,"$121,498",29,9,28,Sports,$706.37,"$19,778.36","$178,005.24",Growth Potential,,,,,
214,33,Male,"$84,883",43,2,49,Home & Garden,$956.03,"$46,845.47","$93,690.94",Low Engagement,,,,,
215,69,Other,"$127,086",93,4,45,Electronics,$339.90,"$15,295.50","$61,182.00",High Value,,,,,
216,26,Other,"$133,538",27,5,46,Electronics,$761.08,"$35,009.68","$175,048.40",Growth Potential,,,,,
217,46,Female,"$82,034",19,2,45,Sports,$635.93,"$28,616.85","$57,233.70",Low Engagement,,,,,
218,55,Female,"$147,024",24,9,16,Electronics,$169.79,"$2,716.64","$24,449.76",Growth Potential,,,,,
219,57,Male,"$33,009",82,9,24,Clothing,$563.64,"$13,527.36","$121,746.24",Price Sensitive,,,,,
220,69,Male,"$142,216",90,7,29,Electronics,$559.73,"$16,232.17","$113,625.19",High Value,,,,,
221,62,Male,"$82,623",51,8,37,Clothing,$155.14,"$5,740.18","$45,921.44",Price Sensitive,,,,,
222,67,Other,"$64,134",3,2,26,Clothing,$868.18,"$22,572.68","$45,145.36",Low Engagement,,,,,
223,53,Female,"$146,546",12,6,45,Sports,$915.02,"$41,175.90","$247,055.40",Growth Potential,,,,,
224,51,Female,"$33,665",12,2,2,Groceries,$139.07,$278.14,$556.28,Low Engagement,,,,,
225,54,Female,"$92,156",18,7,14,Electronics,$238.87,"$3,344.18","$23,409.26",Growth Potential,,,,,
226,19,Female,"$51,355",48,8,28,Home & Garden,$278.21,"$7,789.88","$62,319.04",Low Engagement,,,,,
227,65,Male,"$89,274",71,10,34,Electronics,$840.45,"$28,575.30","$285,753.00",High Value,,,,,
228,53,Male,"$57,651",27,7,16,Home & Garden,$345.62,"$5,529.92","$38,709.44",Low Engagement,,,,,
229,19,Other,"$52,470",90,5,35,Groceries,$515.99,"$18,059.65","$90,298.25",Price Sensitive,,,,,
230,56,Male,"$31,154",40,4,25,Electronics,$197.54,"$4,938.50","$19,754.00",Low Engagement,,,,,
231,24,Female,"$147,572",44,7,45,Electronics,$204.27,"$9,192.15","$64,345.05",Growth Potential,,,,,
232,66,Male,"$144,573",41,7,24,Groceries,$66.60,"$1,598.40","$11,188.80",Growth Potential,,,,,
233,41,Female,"$88,312",22,6,31,Groceries,$212.53,"$6,588.43","$39,530.58",Low Engagement,,,,,
234,29,Female,"$96,066",45,7,24,Sports,$479.36,"$11,504.64","$80,532.48",Growth Potential,,,,,
235,19,Female,"$41,542",21,1,22,Groceries,$132.88,"$2,923.36","$2,923.36",Low Engagement,,,,,
236,42,Other,"$66,495",79,9,31,Sports,$537.66,"$16,667.46","$150,007.14",Price Sensitive,,,,,
237,62,Other,"$52,480",22,3,14,Electronics,$821.42,"$11,499.88","$34,499.64",Low Engagement,,,,,
238,64,Other,"$148,368",19,4,23,Groceries,$949.32,"$21,834.36","$87,337.44",Growth Potential,,,,,
239,64,Female,"$124,599",41,9,41,Groceries,$924.18,"$37,891.38","$341,022.42",Growth Potential,,,,,
240,44,Female,"$121,975",33,6,27,Groceries,$640.96,"$17,305.92","$103,835.52",Growth Potential,,,,,
241,41,Female,"$41,748",50,8,5,Sports,$35.16,$175.80,"$1,406.40",Low Engagement,,,,,
242,31,Female,"$125,501",74,3,18,Electronics,$947.76,"$17,059.68","$51,179.04",High Value,,,,,
243,25,Other,"$109,583",6,4,30,Electronics,$923.64,"$27,709.20","$110,836.80",Growth Potential,,,,,
244,47,Female,"$108,356",84,6,19,Home & Garden,$911.00,"$17,309.00","$103,854.00",High Value,,,,,
245,28,Other,"$134,414",19,5,15,Home & Garden,$922.01,"$13,830.15","$69,150.75",Growth Potential,,,,,
246,44,Male,"$83,880",31,6,32,Electronics,$464.42,"$14,861.44","$89,168.64",Low Engagement,,,,,
247,54,Other,"$48,896",28,9,25,Sports,$244.79,"$6,119.75","$55,077.75",Low Engagement,,,,,
248,28,Other,"$48,383",57,8,35,Sports,$17.97,$628.95,"$5,031.60",Price Sensitive,,,,,
249,54,Female,"$134,743",98,9,42,Sports,$894.21,"$37,556.82","$338,011.38",High Value,,,,,
250,47,Male,"$91,491",52,5,10,Home & Garden,$21.43,$214.30,"$1,071.50",High Value,,,,,
251,43,Male,"$89,688",27,10,30,Electronics,$223.64,"$6,709.20","$67,092.00",Growth Potential,,,,,
252,25,Other,"$105,185",70,2,37,Groceries,$556.23,"$20,580.51","$41,161.02",High Value,,,,,
253,49,Other,"$129,014",25,7,21,Groceries,$271.52,"$5,701.92","$39,913.44",Growth Potential,,,,,
254,66,Other,"$112,847",98,9,44,Home & Garden,$827.44,"$36,407.36","$327,666.24",High Value,,,,,
255,27,Other,"$139,589",69,8,22,Clothing,$150.58,"$3,312.76","$26,502.08",High Value,,,,,
256,46,Other,"$38,785",55,9,22,Clothing,$486.25,"$10,697.50","$96,277.50",Price Sensitive,,,,,
257,26,Male,"$134,203",19,3,28,Sports,$935.64,"$26,197.92","$78,593.76",Growth Potential,,,,,
258,37,Other,"$86,856",74,3,10,Electronics,$624.29,"$6,242.90","$18,728.70",Price Sensitive,,,,,
259,68,Male,"$49,725",59,2,35,Groceries,$12.36,$432.60,$865.20,Price Sensitive,,,,,
260,39,Female,"$56,381",82,6,19,Sports,$759.60,"$14,432.40","$86,594.40",Price Sensitive,,,,,
261,39,Other,"$117,432",96,7,41,Sports,$25.44,"$1,043.04","$7,301.28",High Value,,,,,
262,60,Other,"$45,827",18,2,47,Electronics,$599.66,"$28,184.02","$56,368.04",Low Engagement,,,,,
263,64,Other,"$115,366",68,9,28,Electronics,$934.88,"$26,176.64","$235,589.76",High Value,,,,,
264,57,Female,"$31,451",75,3,8,Electronics,$611.79,"$4,894.32","$14,682.96",Price Sensitive,,,,,
265,63,Male,"$142,287",77,10,44,Clothing,$785.29,"$34,552.76","$345,527.60",High Value,,,,,
266,53,Other,"$84,616",68,10,8,Home & Garden,$543.31,"$4,346.48","$43,464.80",Price Sensitive,,,,,
267,57,Female,"$114,972",42,9,12,Home & Garden,$999.74,"$11,996.88","$107,971.92",Growth Potential,,,,,
268,23,Other,"$101,024",29,3,41,Groceries,$484.85,"$19,878.85","$59,636.55",Growth Potential,,,,,
269,33,Female,"$118,116",100,9,48,Sports,$21.90,"$1,051.20","$9,460.80",High Value,,,,,
270,28,Female,"$49,020",75,9,49,Electronics,$109.03,"$5,342.47","$48,082.23",Price Sensitive,,,,,
271,69,Male,"$47,458",14,2,10,Groceries,$874.32,"$8,743.20","$17,486.40",Low Engagement,,,,,
272,52,Female,"$104,033",6,5,15,Clothing,$192.31,"$2,884.65","$14,423.25",Growth Potential,,,,,
273,47,Other,"$84,117",74,9,17,Home & Garden,$886.08,"$15,063.36","$135,570.24",Price Sensitive,,,,,
274,60,Other,"$107,232",68,4,48,Clothing,$730.80,"$35,078.40","$140,313.60",High Value,,,,,
275,22,Other,"$128,623",88,5,20,Clothing,$609.57,"$12,191.40","$60,957.00",High Value,,,,,
276,39,Female,"$39,931",43,1,28,Groceries,$261.36,"$7,318.08","$7,318.08",Low Engagement,,,,,
277,53,Other,"$94,392",38,5,11,Clothing,$997.24,"$10,969.64","$54,848.20",Growth Potential,,,,,
278,63,Male,"$48,225",24,6,14,Clothing,$764.05,"$10,696.70","$64,180.20",Low Engagement,,,,,
279,47,Other,"$95,656",63,2,30,Electronics,$634.19,"$19,025.70","$38,051.40",High Value,,,,,
280,53,Female,"$61,826",96,1,14,Clothing,$577.00,"$8,078.00","$8,078.00",Price Sensitive,,,,,
281,61,Other,"$47,689",46,4,42,Home & Garden,$802.44,"$33,702.48","$134,809.92",Low Engagement,,,,,
282,34,Male,"$68,250",9,10,26,Clothing,$835.06,"$21,711.56","$217,115.60",Low Engagement,,,,,
283,33,Male,"$113,187",27,9,46,Electronics,$886.30,"$40,769.80","$366,928.20",Growth Potential,,,,,
284,43,Male,"$77,006",27,3,36,Electronics,$223.98,"$8,063.28","$24,189.84",Low Engagement,,,,,
285,63,Female,"$121,652",20,1,26,Sports,$169.58,"$4,409.08","$4,409.08",Growth Potential,,,,,
286,51,Male,"$124,670",66,2,43,Clothing,$184.80,"$7,946.40","$15,892.80",High Value,,,,,
287,31,Male,"$119,460",69,2,22,Clothing,$486.21,"$10,696.62","$21,393.24",High Value,,,,,
288,56,Male,"$117,922",69,2,41,Home & Garden,$98.83,"$4,052.03","$8,104.06",High Value,,,,,
289,38,Male,"$84,577",70,7,27,Sports,$631.28,"$17,044.56","$119,311.92",Price Sensitive,,,,,
290,43,Male,"$64,136",61,1,19,Electronics,$680.92,"$12,937.48","$12,937.48",Price Sensitive,,,,,
291,45,Female,"$57,845",32,6,41,Clothing,$934.34,"$38,307.94","$229,847.64",Low Engagement,,,,,
292,62,Other,"$38,250",63,5,22,Home & Garden,$723.93,"$15,926.46","$79,632.30",Price Sensitive,,,,,
293,45,Other,"$54,819",72,3,47,Sports,$553.44,"$26,011.68","$78,035.04",Price Sensitive,,,,,
294,47,Other,"$89,077",43,1,35,Clothing,$547.85,"$19,174.75","$19,174.75",Growth Potential,,,,,
295,18,Other,"$135,713",79,7,18,Electronics,$871.12,"$15,680.16","$109,761.12",High Value,,,,,
296,56,Other,"$129,611",23,3,48,Sports,$98.85,"$4,744.80","$14,234.40",Growth Potential,,,,,
297,40,Male,"$97,995",47,4,9,Sports,$101.35,$912.15,"$3,648.60",Growth Potential,,,,,
298,39,Male,"$132,488",40,5,37,Sports,$82.16,"$3,039.92","$15,199.60",Growth Potential,,,,,
299,59,Male,"$36,383",5,6,31,Groceries,$82.77,"$2,565.87","$15,395.22",Low Engagement,,,,,
300,55,Other,"$144,624",38,2,23,Groceries,$652.26,"$15,001.98","$30,003.96",Growth Potential,,,,,
301,52,Female,"$106,147",2,6,19,Groceries,$412.65,"$7,840.35","$47,042.10",Growth Potential,,,,,
302,50,Other,"$130,668",39,5,25,Home & Garden,$69.81,"$1,745.25","$8,726.25",Growth Potential,,,,,
303,59,Female,"$57,745",33,7,42,Electronics,$492.87,"$20,700.54","$144,903.78",Low Engagement,,,,,
304,50,Female,"$78,296",93,9,47,Electronics,$559.16,"$26,280.52","$236,524.68",Price Sensitive,,,,,
305,32,Male,"$39,407",50,6,13,Sports,$844.22,"$10,974.86","$65,849.16",Low Engagement,,,,,
306,48,Male,"$39,407",82,5,27,Sports,$463.07,"$12,502.89","$62,514.45",Price Sensitive,,,,,
307,26,Other,"$135,530",81,2,12,Home & Garden,$126.35,"$1,516.20","$3,032.40",High Value,,,,,
308,54,Female,"$76,995",14,3,46,Electronics,$685.09,"$31,514.14","$94,542.42",Low Engagement,,,,,
309,64,Female,"$96,182",44,4,8,Groceries,$509.31,"$4,074.48","$16,297.92",Growth Potential,,,,,
310,50,Male,"$100,320",45,7,29,Sports,$139.39,"$4,042.31","$28,296.17",Growth Potential,,,,,
311,53,Male,"$138,922",45,5,22,Electronics,$154.06,"$3,389.32","$16,946.60",Growth Potential,,,,,
312,30,Male,"$143,200",38,8,30,Sports,$684.43,"$20,532.90","$164,263.20",Growth Potential,,,,,
313,69,Other,"$35,218",47,4,33,Electronics,$315.49,"$10,411.17","$41,644.68",Low Engagement,,,,,
314,44,Male,"$141,748",55,2,50,Groceries,$897.57,"$44,878.50","$89,757.00",High Value,,,,,
315,68,Female,"$62,971",27,8,17,Electronics,$85.45,"$1,452.65","$11,621.20",Low Engagement,,,,,
316,20,Female,"$57,260",47,2,49,Electronics,$506.70,"$24,828.30","$49,656.60",Low Engagement,,,,,
317,18,Other,"$92,363",84,1,10,Electronics,$539.74,"$5,397.40","$5,397.40",High Value,,,,,
318,23,Other,"$84,664",45,5,12,Electronics,$592.72,"$7,112.64","$35,563.20",Low Engagement,,,,,
319,61,Other,"$47,790",67,9,5,Home & Garden,$714.29,"$3,571.45","$32,143.05",Price Sensitive,,,,,
320,34,Male,"$31,668",43,5,40,Clothing,$117.01,"$4,680.40","$23,402.00",Low Engagement,,,,,
321,43,Female,"$78,858",4,3,38,Sports,$261.19,"$9,925.22","$29,775.66",Low Engagement,,,,,
322,46,Other,"$126,553",16,2,22,Home & Garden,$85.56,"$1,882.32","$3,764.64",Growth Potential,,,,,
323,55,Other,"$80,006",44,2,49,Clothing,$727.51,"$35,647.99","$71,295.98",Low Engagement,,,,,
324,30,Male,"$119,162",15,9,38,Home & Garden,$937.85,"$35,638.30","$320,744.70",Growth Potential,,,,,
325,41,Other,"$71,410",69,1,32,Home & Garden,$456.67,"$14,613.44","$14,613.44",Price Sensitive,,,,,
326,59,Other,"$49,020",100,2,42,Groceries,$588.18,"$24,703.56","$49,407.12",Price Sensitive,,,,,
327,50,Male,"$36,022",11,6,49,Clothing,$801.59,"$39,277.91","$235,667.46",Low Engagement,,,,,
328,41,Female,"$64,634",55,9,44,Groceries,$488.07,"$21,475.08","$193,275.72",Price Sensitive,,,,,
329,68,Other,"$76,921",79,1,23,Groceries,$122.02,"$2,806.46","$2,806.46",Price Sensitive,,,,,
330,28,Male,"$51,087",60,4,42,Groceries,$68.31,"$2,869.02","$11,476.08",Price Sensitive,,,,,
331,30,Male,"$90,651",88,9,37,Groceries,$555.41,"$20,550.17","$184,951.53",High Value,,,,,
332,38,Other,"$50,518",70,1,38,Sports,$816.09,"$31,011.42","$31,011.42",Price Sensitive,,,,,
333,21,Other,"$126,598",14,3,1,Sports,$505.98,$505.98,"$1,517.94",Growth Potential,,,,,
334,58,Other,"$99,475",27,9,9,Groceries,$249.39,"$2,244.51","$20,200.59",Growth Potential,,,,,
335,60,Male,"$145,308",83,3,31,Groceries,$53.26,"$1,651.06","$4,953.18",High Value,,,,,
336,40,Other,"$107,488",96,7,16,Groceries,$843.60,"$13,497.60","$94,483.20",High Value,,,,,
337,58,Male,"$60,768",88,2,38,Groceries,$67.52,"$2,565.76","$5,131.52",Price Sensitive,,,,,
338,42,Other,"$115,381",70,7,33,Home & Garden,$592.52,"$19,553.16","$136,872.12",High Value,,,,,
339,28,Female,"$111,697",92,9,50,Sports,$205.58,"$10,279.00","$92,511.00",High Value,,,,,
340,48,Other,"$30,374",28,7,34,Groceries,$463.78,"$15,768.52","$110,379.64",Low Engagement,,,,,
341,31,Other,"$35,406",45,10,9,Electronics,$637.02,"$5,733.18","$57,331.80",Low Engagement,,,,,
342,69,Female,"$71,688",69,4,25,Clothing,$532.23,"$13,305.75","$53,223.00",Price Sensitive,,,,,
343,32,Male,"$48,445",91,8,27,Home & Garden,$265.17,"$7,159.59","$57,276.72",Price Sensitive,,,,,
344,41,Male,"$136,928",42,5,33,Home & Garden,$239.72,"$7,910.76","$39,553.80",Growth Potential,,,,,
345,33,Male,"$112,118",27,10,9,Clothing,$535.28,"$4,817.52","$48,175.20",Growth Potential,,,,,
346,62,Female,"$114,587",14,7,11,Electronics,$26.72,$293.92,"$2,057.44",Growth Potential,,,,,
347,38,Female,"$42,378",36,5,20,Sports,$279.77,"$5,595.40","$27,977.00",Low Engagement,,,,,
348,39,Female,"$136,141",58,6,30,Home & Garden,$211.56,"$6,346.80","$38,080.80",High Value,,,,,
349,44,Male,"$32,030",38,2,19,Sports,$912.15,"$17,330.85","$34,661.70",Low Engagement,,,,,
350,56,Female,"$148,694",44,7,13,Electronics,$326.50,"$4,244.50","$29,711.50",Growth Potential,,,,,
351,68,Other,"$122,661",16,4,48,Groceries,$85.44,"$4,101.12","$16,404.48",Growth Potential,,,,,
352,47,Female,"$54,571",57,4,2,Electronics,$138.30,$276.60,"$1,106.40",Price Sensitive,,,,,
353,61,Other,"$120,516",100,10,47,Home & Garden,$475.52,"$22,349.44","$223,494.40",High Value,,,,,
354,63,Other,"$37,003",57,4,25,Sports,$857.68,"$21,442.00","$85,768.00",Price Sensitive,,,,,
355,38,Other,"$81,837",68,5,6,Sports,$349.35,"$2,096.10","$10,480.50",Price Sensitive,,,,,
356,32,Other,"$94,627",88,9,30,Clothing,$703.94,"$21,118.20","$190,063.80",High Value,,,,,
357,49,Other,"$103,191",34,5,41,Clothing,$253.63,"$10,398.83","$51,994.15",Growth Potential,,,,,
358,57,Male,"$137,205",18,1,21,Electronics,$862.12,"$18,104.52","$18,104.52",Growth Potential,,,,,
359,50,Male,"$85,888",19,2,25,Groceries,$910.52,"$22,763.00","$45,526.00",Low Engagement,,,,,
360,38,Male,"$40,590",91,7,27,Electronics,$617.64,"$16,676.28","$116,733.96",Price Sensitive,,,,,
361,28,Female,"$130,938",98,5,37,Electronics,$612.09,"$22,647.33","$113,236.65",High Value,,,,,
362,21,Male,"$107,934",32,5,38,Home & Garden,$533.18,"$20,260.84","$101,304.20",Growth Potential,,,,,
363,26,Other,"$149,741",51,4,37,Home & Garden,$685.36,"$25,358.32","$101,433.28",High Value,,,,,
364,63,Other,"$145,117",66,7,12,Sports,$971.02,"$11,652.24","$81,565.68",High Value,,,,,
365,21,Other,"$90,000",42,4,23,Home & Garden,$278.15,"$6,397.45","$25,589.80",Growth Potential,,,,,
366,19,Other,"$105,019",84,8,32,Clothing,$735.30,"$23,529.60","$188,236.80",High Value,,,,,
367,65,Female,"$65,576",91,5,12,Clothing,$782.55,"$9,390.60","$46,953.00",Price Sensitive,,,,,
368,53,Female,"$130,474",74,10,39,Home & Garden,$217.92,"$8,498.88","$84,988.80",High Value,,,,,
369,63,Other,"$77,411",20,2,37,Sports,$648.38,"$23,990.06","$47,980.12",Low Engagement,,,,,
370,23,Female,"$30,751",99,9,26,Electronics,$696.90,"$18,119.40","$163,074.60",Price Sensitive,,,,,
371,20,Male,"$87,520",93,4,3,Groceries,$459.87,"$1,379.61","$5,518.44",Price Sensitive,,,,,
372,39,Female,"$53,805",71,5,16,Sports,$372.03,"$5,952.48","$29,762.40",Price Sensitive,,,,,
373,30,Other,"$80,320",91,1,31,Electronics,$930.97,"$28,860.07","$28,860.07",Price Sensitive,,,,,
374,64,Other,"$84,380",69,10,28,Sports,$212.08,"$5,938.24","$59,382.40",Price Sensitive,,,,,
375,33,Female,"$58,367",11,4,29,Groceries,$826.87,"$23,979.23","$95,916.92",Low Engagement,,,,,
376,25,Female,"$56,110",36,5,42,Electronics,$389.97,"$16,378.74","$81,893.70",Low Engagement,,,,,
377,46,Male,"$123,037",100,1,9,Home & Garden,$617.74,"$5,559.66","$5,559.66",High Value,,,,,
378,45,Female,"$110,174",87,5,32,Home & Garden,$388.15,"$12,420.80","$62,104.00",High Value,,,,,
379,41,Female,"$30,074",95,8,19,Clothing,$78.82,"$1,497.58","$11,980.64",Price Sensitive,,,,,
380,59,Other,"$140,349",75,2,6,Sports,$383.64,"$2,301.84","$4,603.68",High Value,,,,,
381,67,Female,"$104,036",56,10,37,Sports,$998.98,"$36,962.26","$369,622.60",High Value,,,,,
382,68,Other,"$93,926",45,5,22,Electronics,$19.14,$421.08,"$2,105.40",Growth Potential,,,,,
383,65,Male,"$124,796",4,5,38,Sports,$247.96,"$9,422.48","$47,112.40",Growth Potential,,,,,
384,46,Male,"$120,914",1,1,41,Home & Garden,$329.90,"$13,525.90","$13,525.90",Growth Potential,,,,,
385,38,Male,"$78,829",73,7,20,Sports,$665.25,"$13,305.00","$93,135.00",Price Sensitive,,,,,
386,69,Male,"$105,810",57,6,28,Groceries,$985.94,"$27,606.32","$165,637.92",High Value,,,,,
387,51,Female,"$105,658",49,9,9,Electronics,$785.55,"$7,069.95","$63,629.55",Growth Potential,,,,,
388,25,Female,"$100,053",6,5,33,Electronics,$832.57,"$27,474.81","$137,374.05",Growth Potential,,,,,
389,34,Other,"$118,622",99,4,47,Sports,$122.21,"$5,743.87","$22,975.48",High Value,,,,,
390,37,Male,"$65,343",89,3,2,Electronics,$668.23,"$1,336.46","$4,009.38",Price Sensitive,,,,,
391,67,Female,"$101,759",57,3,19,Sports,$670.51,"$12,739.69","$38,219.07",High Value,,,,,
392,28,Male,"$59,278",60,2,8,Home & Garden,$362.41,"$2,899.28","$5,798.56",Price Sensitive,,,,,
393,55,Female,"$127,542",79,8,12,Clothing,$632.60,"$7,591.20","$60,729.60",High Value,,,,,
394,69,Female,"$74,331",83,9,11,Clothing,$341.63,"$3,757.93","$33,821.37",Price Sensitive,,,,,
395,69,Female,"$119,075",40,8,44,Home & Garden,$866.72,"$38,135.68","$305,085.44",Growth Potential,,,,,
396,54,Other,"$87,418",21,2,27,Groceries,$846.76,"$22,862.52","$45,725.04",Low Engagement,,,,,
397,23,Other,"$37,713",11,8,31,Electronics,$481.24,"$14,918.44","$119,347.52",Low Engagement,,,,,
398,48,Male,"$36,282",14,10,3,Sports,$210.43,$631.29,"$6,312.90",Low Engagement,,,,,
399,19,Female,"$69,790",3,9,38,Groceries,$596.63,"$22,671.94","$204,047.46",Low Engagement,,,,,
400,41,Female,"$147,962",90,2,9,Clothing,$688.61,"$6,197.49","$12,394.98",High Value,,,,,
401,32,Other,"$86,268",96,3,21,Electronics,$643.36,"$13,510.56","$40,531.68",Price Sensitive,,,,,
402,63,Male,"$149,062",66,9,7,Clothing,$441.11,"$3,087.77","$27,789.93",High Value,,,,,
403,40,Other,"$127,948",29,6,26,Groceries,$144.78,"$3,764.28","$22,585.68",Growth Potential,,,,,
404,36,Male,"$30,121",39,10,16,Groceries,$233.08,"$3,729.28","$37,292.80",Low Engagement,,,,,
405,21,Male,"$42,889",12,2,20,Home & Garden,$789.92,"$15,798.40","$31,596.80",Low Engagement,,,,,
406,29,Other,"$141,369",42,10,16,Home & Garden,$862.54,"$13,800.64","$138,006.40",Growth Potential,,,,,
407,24,Other,"$119,844",78,4,6,Groceries,$572.31,"$3,433.86","$13,735.44",High Value,,,,,
408,40,Other,"$135,305",54,8,29,Clothing,$831.60,"$24,116.40","$192,931.20",High Value,,,,,
409,63,Female,"$70,967",59,6,10,Home & Garden,$954.05,"$9,540.50","$57,243.00",Price Sensitive,,,,,
410,20,Female,"$98,213",12,5,37,Home & Garden,$902.24,"$33,382.88","$166,914.40",Growth Potential,,,,,
411,43,Female,"$89,856",96,3,2,Clothing,$114.47,$228.94,$686.82,High Value,,,,,
412,61,Other,"$80,988",34,8,14,Clothing,$937.86,"$13,130.04","$105,040.32",Low Engagement,,,,,
413,19,Female,"$105,731",9,7,10,Home & Garden,$421.08,"$4,210.80","$29,475.60",Growth Potential,,,,,
414,69,Female,"$117,737",6,4,9,Groceries,$877.51,"$7,897.59","$31,590.36",Growth Potential,,,,,
415,57,Male,"$52,164",53,3,36,Groceries,$710.84,"$25,590.24","$76,770.72",Price Sensitive,,,,,
416,38,Other,"$51,327",62,5,24,Sports,$645.43,"$15,490.32","$77,451.60",Price Sensitive,,,,,
417,52,Other,"$101,105",11,9,2,Home & Garden,$714.72,"$1,429.44","$12,864.96",Growth Potential,,,,,
418,51,Female,"$97,565",48,10,31,Clothing,$656.90,"$20,363.90","$203,639.00",Growth Potential,,,,,
419,64,Other,"$71,594",40,4,42,Clothing,$487.73,"$20,484.66","$81,938.64",Low Engagement,,,,,
420,46,Male,"$60,671",57,5,48,Home & Garden,$817.69,"$39,249.12","$196,245.60",Price Sensitive,,,,,
421,46,Female,"$90,871",56,4,39,Clothing,$592.97,"$23,125.83","$92,503.32",High Value,,,,,
422,56,Other,"$36,843",46,7,12,Home & Garden,$22.15,$265.80,"$1,860.60",Low Engagement,,,,,
423,62,Female,"$96,260",30,6,45,Electronics,$159.13,"$7,160.85","$42,965.10",Growth Potential,,,,,
424,56,Male,"$134,502",46,5,5,Groceries,$394.49,"$1,972.45","$9,862.25",Growth Potential,,,,,
425,41,Male,"$67,039",100,1,36,Electronics,$178.68,"$6,432.48","$6,432.48",Price Sensitive,,,,,
426,40,Other,"$142,251",90,10,14,Electronics,$866.52,"$12,131.28","$121,312.80",High Value,,,,,
427,47,Female,"$49,336",11,10,11,Sports,$877.17,"$9,648.87","$96,488.70",Low Engagement,,,,,
428,54,Other,"$90,780",24,3,46,Groceries,$824.65,"$37,933.90","$113,801.70",Growth Potential,,,,,
429,20,Male,"$49,308",29,6,19,Electronics,$351.64,"$6,681.16","$40,086.96",Low Engagement,,,,,
430,64,Other,"$124,369",74,2,3,Home & Garden,$275.40,$826.20,"$1,652.40",High Value,,,,,
431,40,Male,"$99,618",80,4,22,Groceries,$15.04,$330.88,"$1,323.52",High Value,,,,,
432,29,Female,"$133,291",52,4,42,Clothing,$916.28,"$38,483.76","$153,935.04",High Value,,,,,
433,44,Female,"$100,832",90,8,39,Electronics,$769.00,"$29,991.00","$239,928.00",High Value,,,,,
434,57,Male,"$60,668",66,6,28,Electronics,$984.60,"$27,568.80","$165,412.80",Price Sensitive,,,,,
435,32,Female,"$69,782",76,1,9,Home & Garden,$803.28,"$7,229.52","$7,229.52",Price Sensitive,,,,,
436,52,Other,"$136,827",87,5,20,Sports,$322.29,"$6,445.80","$32,229.00",High Value,,,,,
437,48,Other,"$51,565",44,5,20,Groceries,$552.48,"$11,049.60","$55,248.00",Low Engagement,,,,,
438,47,Female,"$95,033",25,3,35,Electronics,$273.38,"$9,568.30","$28,704.90",Growth Potential,,,,,
439,63,Female,"$118,402",74,3,12,Sports,$828.04,"$9,936.48","$29,809.44",High Value,,,,,
440,23,Female,"$130,546",71,9,36,Sports,$799.33,"$28,775.88","$258,982.92",High Value,,,,,
441,46,Male,"$68,970",50,9,46,Clothing,$392.35,"$18,048.10","$162,432.90",Low Engagement,,,,,
442,26,Female,"$84,460",45,1,33,Clothing,$219.67,"$7,249.11","$7,249.11",Low Engagement,,,,,
443,47,Other,"$138,199",79,10,43,Electronics,$171.38,"$7,369.34","$73,693.40",High Value,,,,,
444,62,Other,"$59,481",30,4,35,Clothing,$121.00,"$4,235.00","$16,940.00",Low Engagement,,,,,
445,62,Female,"$75,974",68,4,46,Groceries,$180.09,"$8,284.14","$33,136.56",Price Sensitive,,,,,
446,53,Male,"$56,570",29,7,37,Electronics,$432.65,"$16,008.05","$112,056.35",Low Engagement,,,,,
447,27,Other,"$68,689",83,8,33,Groceries,$782.58,"$25,825.14","$206,601.12",Price Sensitive,,,,,
448,31,Female,"$46,106",72,7,2,Sports,$59.82,$119.64,$837.48,Price Sensitive,,,,,
449,50,Male,"$46,524",1,4,7,Home & Garden,$371.62,"$2,601.34","$10,405.36",Low Engagement,,,,,
450,48,Male,"$60,382",13,3,27,Electronics,$694.59,"$18,753.93","$56,261.79",Low Engagement,,,,,
451,24,Other,"$147,555",65,4,28,Groceries,$434.84,"$12,175.52","$48,702.08",High Value,,,,,
452,45,Female,"$93,800",33,10,32,Sports,$391.45,"$12,526.40","$125,264.00",Growth Potential,,,,,
453,30,Male,"$35,565",83,8,17,Electronics,$238.79,"$4,059.43","$32,475.44",Price Sensitive,,,,,
454,27,Male,"$143,992",31,2,32,Home & Garden,$994.10,"$31,811.20","$63,622.40",Growth Potential,,,,,
455,28,Other,"$126,571",82,10,8,Electronics,$26.12,$208.96,"$2,089.60",High Value,,,,,
456,61,Other,"$57,851",46,3,5,Clothing,$604.29,"$3,021.45","$9,064.35",Low Engagement,,,,,
457,30,Other,"$120,083",47,1,49,Electronics,$443.12,"$21,712.88","$21,712.88",Growth Potential,,,,,
458,62,Male,"$32,827",69,8,2,Groceries,$468.37,$936.74,"$7,493.92",Price Sensitive,,,,,
459,30,Other,"$100,399",96,2,5,Clothing,$705.64,"$3,528.20","$7,056.40",High Value,,,,,
460,55,Female,"$105,647",94,1,14,Sports,$737.91,"$10,330.74","$10,330.74",High Value,,,,,
461,41,Male,"$141,605",100,4,20,Home & Garden,$693.02,"$13,860.40","$55,441.60",High Value,,,,,
462,57,Female,"$46,563",86,4,24,Electronics,$800.46,"$19,211.04","$76,844.16",Price Sensitive,,,,,
463,53,Male,"$37,569",18,8,50,Clothing,$634.92,"$31,746.00","$253,968.00",Low Engagement,,,,,
464,65,Female,"$138,529",87,10,14,Sports,$461.61,"$6,462.54","$64,625.40",High Value,,,,,
465,54,Female,"$40,858",48,6,20,Clothing,$34.88,$697.60,"$4,185.60",Low Engagement,,,,,
466,69,Other,"$143,640",14,8,2,Clothing,$387.39,$774.78,"$6,198.24",Growth Potential,,,,,
467,25,Male,"$99,668",1,1,50,Groceries,$937.86,"$46,893.00","$46,893.00",Growth Potential,,,,,
468,54,Male,"$32,276",73,2,44,Clothing,$554.58,"$24,401.52","$48,803.04",Price Sensitive,,,,,
469,32,Other,"$100,736",84,10,32,Groceries,$863.93,"$27,645.76","$276,457.60",High Value,,,,,
470,53,Other,"$139,508",92,6,39,Clothing,$172.99,"$6,746.61","$40,479.66",High Value,,,,,
471,32,Male,"$38,683",59,10,47,Groceries,$846.85,"$39,801.95","$398,019.50",Price Sensitive,,,,,
472,35,Other,"$42,390",27,3,41,Electronics,$781.31,"$32,033.71","$96,101.13",Low Engagement,,,,,
473,53,Female,"$104,435",42,4,34,Home & Garden,$795.81,"$27,057.54","$108,230.16",Growth Potential,,,,,
474,54,Female,"$111,261",56,1,44,Groceries,$216.09,"$9,507.96","$9,507.96",High Value,,,,,
475,36,Other,"$112,674",12,7,35,Groceries,$590.32,"$20,661.20","$144,628.40",Growth Potential,,,,,
476,38,Male,"$144,083",23,1,28,Groceries,$158.15,"$4,428.20","$4,428.20",Growth Potential,,,,,
477,42,Male,"$115,342",19,4,47,Sports,$13.69,$643.43,"$2,573.72",Growth Potential,,,,,
478,48,Other,"$143,424",24,3,22,Home & Garden,$594.94,"$13,088.68","$39,266.04",Growth Potential,,,,,
479,58,Female,"$137,836",19,9,21,Electronics,$172.39,"$3,620.19","$32,581.71",Growth Potential,,,,,
480,19,Female,"$35,529",62,4,24,Clothing,$177.69,"$4,264.56","$17,058.24",Price Sensitive,,,,,
481,54,Male,"$105,641",17,9,37,Sports,$173.81,"$6,430.97","$57,878.73",Growth Potential,,,,,
482,65,Other,"$120,542",52,3,36,Clothing,$70.22,"$2,527.92","$7,583.76",High Value,,,,,
483,44,Female,"$43,069",55,6,33,Groceries,$501.34,"$16,544.22","$99,265.32",Price Sensitive,,,,,
484,40,Male,"$61,052",44,4,17,Groceries,$135.19,"$2,298.23","$9,192.92",Low Engagement,,,,,
485,65,Male,"$39,113",85,9,42,Home & Garden,$964.87,"$40,524.54","$364,720.86",Price Sensitive,,,,,
486,66,Other,"$91,672",71,5,9,Clothing,$10.40,$93.60,$468.00,High Value,,,,,
487,22,Female,"$104,781",64,8,38,Home & Garden,$151.48,"$5,756.24","$46,049.92",High Value,,,,,
488,47,Other,"$124,597",67,9,8,Clothing,$885.33,"$7,082.64","$63,743.76",High Value,,,,,
489,26,Female,"$96,845",19,1,5,Home & Garden,$154.89,$774.45,$774.45,Growth Potential,,,,,
490,19,Female,"$113,254",38,5,35,Clothing,$633.50,"$22,172.50","$110,862.50",Growth Potential,,,,,
491,22,Female,"$46,900",70,1,24,Groceries,$325.46,"$7,811.04","$7,811.04",Price Sensitive,,,,,
492,39,Male,"$84,725",100,8,49,Sports,$906.07,"$44,397.43","$355,179.44",Price Sensitive,,,,,
493,51,Female,"$120,616",71,1,16,Clothing,$542.03,"$8,672.48","$8,672.48",High Value,,,,,
494,35,Male,"$141,134",24,4,48,Sports,$649.61,"$31,181.28","$124,725.12",Growth Potential,,,,,
495,59,Male,"$140,809",45,5,45,Sports,$917.50,"$41,287.50","$206,437.50",Growth Potential,,,,,
496,33,Female,"$65,486",76,2,11,Sports,$302.05,"$3,322.55","$6,645.10",Price Sensitive,,,,,
497,56,Male,"$145,254",48,6,43,Sports,$422.32,"$18,159.76","$108,958.56",Growth Potential,,,,,
498,54,Female,"$43,308",56,5,50,Electronics,$667.92,"$33,396.00","$166,980.00",Price Sensitive,,,,,
499,25,Male,"$33,065",61,7,40,Groceries,$317.98,"$12,719.20","$89,034.40",Price Sensitive,,,,,
500,47,Male,"$69,168",16,7,42,Clothing,$638.96,"$26,836.32","$187,854.24",Low Engagement,,,,,
501,42,Male,"$129,999",73,5,2,Clothing,$942.97,"$1,885.94","$9,429.70",High Value,,,,,
502,61,Female,"$41,730",2,9,20,Electronics,$177.64,"$3,552.80","$31,975.20",Low Engagement,,,,,
503,22,Male,"$75,626",52,7,34,Electronics,$154.67,"$5,258.78","$36,811.46",Price Sensitive,,,,,
504,18,Other,"$142,641",40,7,31,Electronics,$240.64,"$7,459.84","$52,218.88",Growth Potential,,,,,
505,22,Male,"$53,863",96,10,41,Electronics,$491.64,"$20,157.24","$201,572.40",Price Sensitive,,,,,
506,66,Male,"$149,505",79,4,8,Sports,$334.95,"$2,679.60","$10,718.40",High Value,,,,,
507,58,Male,"$132,215",91,8,6,Sports,$275.71,"$1,654.26","$13,234.08",High Value,,,,,
508,48,Other,"$72,108",85,8,13,Sports,$486.58,"$6,325.54","$50,604.32",Price Sensitive,,,,,
509,68,Other,"$113,760",64,2,37,Sports,$462.62,"$17,116.94","$34,233.88",High Value,,,,,
510,19,Male,"$111,238",7,2,30,Sports,$813.37,"$24,401.10","$48,802.20",Growth Potential,,,,,
511,24,Other,"$109,039",71,9,41,Sports,$606.18,"$24,853.38","$223,680.42",High Value,,,,,
512,33,Male,"$132,968",49,10,45,Sports,$641.53,"$28,868.85","$288,688.50",Growth Potential,,,,,
513,19,Male,"$82,506",10,5,41,Sports,$406.32,"$16,659.12","$83,295.60",Low Engagement,,,,,
514,69,Female,"$58,668",40,2,15,Home & Garden,$626.35,"$9,395.25","$18,790.50",Low Engagement,,,,,
515,28,Male,"$66,961",8,10,22,Groceries,$179.82,"$3,956.04","$39,560.40",Low Engagement,,,,,
516,32,Other,"$137,280",95,6,3,Electronics,$31.72,$95.16,$570.96,High Value,,,,,
517,18,Other,"$112,021",9,3,11,Groceries,$588.37,"$6,472.07","$19,416.21",Growth Potential,,,,,
518,45,Female,"$110,280",85,4,21,Groceries,$944.07,"$19,825.47","$79,301.88",High Value,,,,,
519,45,Female,"$67,753",64,4,48,Sports,$926.69,"$44,481.12","$177,924.48",Price Sensitive,,,,,
520,38,Male,"$54,918",1,6,6,Electronics,$979.26,"$5,875.56","$35,253.36",Low Engagement,,,,,
521,69,Other,"$78,534",100,2,9,Home & Garden,$75.03,$675.27,"$1,350.54",Price Sensitive,,,,,
522,29,Female,"$51,471",96,3,13,Home & Garden,$668.21,"$8,686.73","$26,060.19",Price Sensitive,,,,,
523,32,Female,"$58,144",4,5,16,Electronics,$923.37,"$14,773.92","$73,869.60",Low Engagement,,,,,
524,47,Other,"$100,338",13,9,40,Electronics,$48.65,"$1,946.00","$17,514.00",Growth Potential,,,,,
525,33,Female,"$90,232",19,2,8,Clothing,$255.08,"$2,040.64","$4,081.28",Growth Potential,,,,,
526,52,Male,"$133,701",64,1,34,Clothing,$534.25,"$18,164.50","$18,164.50",High Value,,,,,
527,62,Female,"$117,704",37,3,48,Sports,$112.11,"$5,381.28","$16,143.84",Growth Potential,,,,,
528,23,Female,"$144,577",75,1,9,Clothing,$826.02,"$7,434.18","$7,434.18",High Value,,,,,
529,57,Male,"$139,366",39,5,50,Sports,$34.50,"$1,725.00","$8,625.00",Growth Potential,,,,,
530,27,Male,"$106,944",63,1,28,Sports,$36.39,"$1,018.92","$1,018.92",High Value,,,,,
531,61,Male,"$92,031",44,7,11,Sports,$573.31,"$6,306.41","$44,144.87",Growth Potential,,,,,
532,19,Male,"$146,165",38,9,45,Home & Garden,$819.92,"$36,896.40","$332,067.60",Growth Potential,,,,,
533,36,Other,"$113,794",74,1,27,Sports,$377.75,"$10,199.25","$10,199.25",High Value,,,,,
534,28,Male,"$121,073",44,3,16,Sports,$482.35,"$7,717.60","$23,152.80",Growth Potential,,,,,
535,46,Other,"$61,090",3,4,3,Sports,$213.68,$641.04,"$2,564.16",Low Engagement,,,,,
536,62,Female,"$74,474",49,2,18,Sports,$933.65,"$16,805.70","$33,611.40",Low Engagement,,,,,
537,48,Female,"$57,932",70,9,44,Home & Garden,$192.46,"$8,468.24","$76,214.16",Price Sensitive,,,,,
538,39,Male,"$49,970",53,5,24,Groceries,$728.58,"$17,485.92","$87,429.60",Price Sensitive,,,,,
539,27,Male,"$73,823",11,8,23,Electronics,$27.40,$630.20,"$5,041.60",Low Engagement,,,,,
540,36,Male,"$37,595",88,8,49,Groceries,$600.48,"$29,423.52","$235,388.16",Price Sensitive,,,,,
541,33,Female,"$103,063",16,3,4,Electronics,$998.51,"$3,994.04","$11,982.12",Growth Potential,,,,,
542,69,Other,"$86,860",70,1,1,Clothing,$812.25,$812.25,$812.25,Price Sensitive,,,,,
543,68,Female,"$40,478",22,4,46,Groceries,$954.91,"$43,925.86","$175,703.44",Low Engagement,,,,,
544,66,Female,"$126,893",3,1,32,Clothing,$199.17,"$6,373.44","$6,373.44",Growth Potential,,,,,
545,23,Female,"$123,168",80,4,19,Clothing,$860.95,"$16,358.05","$65,432.20",High Value,,,,,
546,44,Other,"$112,137",37,7,18,Groceries,$769.16,"$13,844.88","$96,914.16",Growth Potential,,,,,
547,60,Other,"$108,533",23,9,24,Electronics,$506.98,"$12,167.52","$109,507.68",Growth Potential,,,,,
548,22,Female,"$93,861",42,6,6,Home & Garden,$73.13,$438.78,"$2,632.68",Growth Potential,,,,,
549,39,Male,"$30,004",32,6,48,Sports,$863.47,"$41,446.56","$248,679.36",Low Engagement,,,,,
550,53,Male,"$47,499",85,2,45,Sports,$338.69,"$15,241.05","$30,482.10",Price Sensitive,,,,,
551,50,Male,"$43,965",83,3,17,Electronics,$83.38,"$1,417.46","$4,252.38",Price Sensitive,,,,,
552,20,Male,"$51,199",100,5,5,Clothing,$889.83,"$4,449.15","$22,245.75",Price Sensitive,,,,,
553,69,Male,"$51,759",18,9,14,Sports,$563.48,"$7,888.72","$70,998.48",Low Engagement,,,,,
554,61,Female,"$54,256",78,3,3,Home & Garden,$886.44,"$2,659.32","$7,977.96",Price Sensitive,,,,,
555,66,Other,"$53,345",100,4,22,Sports,$221.75,"$4,878.50","$19,514.00",Price Sensitive,,,,,
556,25,Female,"$52,403",53,1,14,Groceries,$73.34,"$1,026.76","$1,026.76",Price Sensitive,,,,,
557,45,Male,"$95,367",83,5,30,Home & Garden,$845.33,"$25,359.90","$126,799.50",High Value,,,,,
558,40,Male,"$62,536",84,4,28,Sports,$149.07,"$4,173.96","$16,695.84",Price Sensitive,,,,,
559,33,Male,"$121,639",17,7,28,Home & Garden,$422.14,"$11,819.92","$82,739.44",Growth Potential,,,,,
560,63,Male,"$82,296",61,4,43,Home & Garden,$390.89,"$16,808.27","$67,233.08",Price Sensitive,,,,,
561,61,Other,"$137,276",92,5,8,Groceries,$482.77,"$3,862.16","$19,310.80",High Value,,,,,
562,18,Male,"$143,235",46,10,31,Groceries,$143.75,"$4,456.25","$44,562.50",Growth Potential,,,,,
563,23,Male,"$143,899",10,3,47,Groceries,$361.81,"$17,005.07","$51,015.21",Growth Potential,,,,,
564,56,Other,"$134,923",18,3,31,Electronics,$515.16,"$15,969.96","$47,909.88",Growth Potential,,,,,
565,68,Other,"$106,635",85,10,30,Electronics,$854.95,"$25,648.50","$256,485.00",High Value,,,,,
566,29,Male,"$60,262",56,4,27,Clothing,$452.32,"$12,212.64","$48,850.56",Price Sensitive,,,,,
567,22,Other,"$92,601",75,7,49,Electronics,$120.76,"$5,917.24","$41,420.68",High Value,,,,,
568,45,Female,"$41,917",58,8,5,Home & Garden,$870.38,"$4,351.90","$34,815.20",Price Sensitive,,,,,
569,29,Female,"$59,815",43,6,24,Groceries,$105.48,"$2,531.52","$15,189.12",Low Engagement,,,,,
570,18,Other,"$94,701",69,8,48,Clothing,$760.34,"$36,496.32","$291,970.56",High Value,,,,,
571,36,Female,"$31,458",40,4,6,Electronics,$371.77,"$2,230.62","$8,922.48",Low Engagement,,,,,
572,19,Male,"$134,193",95,7,44,Electronics,$97.65,"$4,296.60","$30,076.20",High Value,,,,,
573,40,Female,"$143,338",6,8,26,Groceries,$491.07,"$12,767.82","$102,142.56",Growth Potential,,,,,
574,48,Other,"$93,084",30,7,5,Clothing,$480.55,"$2,402.75","$16,819.25",Growth Potential,,,,,
575,49,Male,"$55,027",62,2,1,Clothing,$962.90,$962.90,"$1,925.80",Price Sensitive,,,,,
576,51,Female,"$149,256",96,1,31,Electronics,$266.83,"$8,271.73","$8,271.73",High Value,,,,,
577,32,Female,"$46,610",92,5,9,Groceries,$409.85,"$3,688.65","$18,443.25",Price Sensitive,,,,,
578,64,Male,"$43,175",59,10,35,Electronics,$363.86,"$12,735.10","$127,351.00",Price Sensitive,,,,,
579,21,Female,"$71,227",17,10,12,Electronics,$101.48,"$1,217.76","$12,177.60",Low Engagement,,,,,
580,51,Female,"$149,744",99,1,12,Groceries,$215.92,"$2,591.04","$2,591.04",High Value,,,,,
581,46,Male,"$129,568",56,10,27,Clothing,$766.26,"$20,689.02","$206,890.20",High Value,,,,,
582,19,Male,"$135,968",50,4,49,Electronics,$174.43,"$8,547.07","$34,188.28",Growth Potential,,,,,
583,33,Male,"$38,240",92,3,37,Home & Garden,$626.82,"$23,192.34","$69,577.02",Price Sensitive,,,,,
584,30,Male,"$114,808",23,9,6,Clothing,$74.08,$444.48,"$4,000.32",Growth Potential,,,,,
585,51,Female,"$37,310",6,5,14,Sports,$706.18,"$9,886.52","$49,432.60",Low Engagement,,,,,
586,62,Other,"$147,903",79,5,22,Electronics,$203.15,"$4,469.30","$22,346.50",High Value,,,,,
587,20,Other,"$61,541",80,2,14,Groceries,$48.50,$679.00,"$1,358.00",Price Sensitive,,,,,
588,47,Other,"$55,753",69,5,40,Home & Garden,$772.89,"$30,915.60","$154,578.00",Price Sensitive,,,,,
589,29,Other,"$80,868",33,6,15,Clothing,$865.65,"$12,984.75","$77,908.50",Low Engagement,,,,,
590,33,Male,"$93,599",22,4,37,Sports,$274.96,"$10,173.52","$40,694.08",Growth Potential,,,,,
591,53,Male,"$108,263",21,1,47,Electronics,$734.48,"$34,520.56","$34,520.56",Growth Potential,,,,,
592,22,Male,"$100,730",4,5,10,Sports,$459.58,"$4,595.80","$22,979.00",Growth Potential,,,,,
593,62,Female,"$148,501",41,9,32,Sports,$980.47,"$31,375.04","$282,375.36",Growth Potential,,,,,
594,29,Other,"$98,150",42,9,34,Sports,$324.11,"$11,019.74","$99,177.66",Growth Potential,,,,,
595,28,Other,"$61,870",100,6,3,Groceries,$728.67,"$2,186.01","$13,116.06",Price Sensitive,,,,,
596,46,Male,"$73,370",2,4,29,Home & Garden,$486.50,"$14,108.50","$56,434.00",Low Engagement,,,,,
597,50,Male,"$132,598",57,7,21,Home & Garden,$930.91,"$19,549.11","$136,843.77",High Value,,,,,
598,56,Other,"$55,695",58,7,30,Electronics,$435.76,"$13,072.80","$91,509.60",Price Sensitive,,,,,
599,41,Other,"$69,204",95,4,28,Clothing,$936.04,"$26,209.12","$104,836.48",Price Sensitive,,,,,
600,52,Male,"$127,010",76,8,26,Sports,$13.46,$349.96,"$2,799.68",High Value,,,,,
601,53,Female,"$137,854",33,10,47,Groceries,$523.27,"$24,593.69","$245,936.90",Growth Potential,,,,,
602,20,Male,"$145,924",64,5,18,Electronics,$495.49,"$8,918.82","$44,594.10",High Value,,,,,
603,33,Female,"$53,219",33,4,47,Clothing,$251.23,"$11,807.81","$47,231.24",Low Engagement,,,,,
604,47,Male,"$64,592",25,4,12,Home & Garden,$237.34,"$2,848.08","$11,392.32",Low Engagement,,,,,
605,18,Female,"$144,275",69,9,27,Electronics,$141.72,"$3,826.44","$34,437.96",High Value,,,,,
606,39,Male,"$48,641",45,3,46,Home & Garden,$415.19,"$19,098.74","$57,296.22",Low Engagement,,,,,
607,30,Male,"$102,200",88,5,47,Home & Garden,$131.84,"$6,196.48","$30,982.40",High Value,,,,,
608,41,Other,"$67,215",34,3,30,Home & Garden,$460.25,"$13,807.50","$41,422.50",Low Engagement,,,,,
609,53,Other,"$96,499",29,4,5,Electronics,$744.11,"$3,720.55","$14,882.20",Growth Potential,,,,,
610,23,Female,"$83,912",28,6,31,Home & Garden,$98.32,"$3,047.92","$18,287.52",Low Engagement,,,,,
611,42,Female,"$63,444",72,4,40,Home & Garden,$166.45,"$6,658.00","$26,632.00",Price Sensitive,,,,,
612,33,Female,"$38,271",39,10,43,Electronics,$99.52,"$4,279.36","$42,793.60",Low Engagement,,,,,
613,60,Other,"$53,295",73,3,5,Home & Garden,$642.30,"$3,211.50","$9,634.50",Price Sensitive,,,,,
614,64,Female,"$116,106",5,1,5,Clothing,$25.86,$129.30,$129.30,Growth Potential,,,,,
615,69,Male,"$141,965",98,5,35,Electronics,$616.66,"$21,583.10","$107,915.50",High Value,,,,,
616,43,Male,"$38,012",55,3,24,Groceries,$943.37,"$22,640.88","$67,922.64",Price Sensitive,,,,,
617,29,Other,"$83,172",51,8,1,Clothing,$906.75,$906.75,"$7,254.00",Price Sensitive,,,,,
618,53,Other,"$62,024",13,2,39,Sports,$66.60,"$2,597.40","$5,194.80",Low Engagement,,,,,
619,29,Other,"$88,288",39,5,50,Groceries,$803.87,"$40,193.50","$200,967.50",Low Engagement,,,,,
620,53,Other,"$50,215",92,6,48,Sports,$814.52,"$39,096.96","$234,581.76",Price Sensitive,,,,,
621,20,Male,"$122,028",40,3,6,Electronics,$777.44,"$4,664.64","$13,993.92",Growth Potential,,,,,
622,33,Other,"$102,269",26,8,47,Sports,$356.67,"$16,763.49","$134,107.92",Growth Potential,,,,,
623,30,Female,"$97,829",99,4,27,Clothing,$320.95,"$8,665.65","$34,662.60",High Value,,,,,
624,59,Other,"$66,196",37,9,44,Clothing,$483.66,"$21,281.04","$191,529.36",Low Engagement,,,,,
625,41,Male,"$36,763",50,5,36,Home & Garden,$490.62,"$17,662.32","$88,311.60",Low Engagement,,,,,
626,19,Male,"$138,008",8,9,15,Groceries,$116.80,"$1,752.00","$15,768.00",Growth Potential,,,,,
627,27,Female,"$96,762",22,3,10,Electronics,$551.43,"$5,514.30","$16,542.90",Growth Potential,,,,,
628,39,Other,"$108,744",63,2,23,Sports,$411.86,"$9,472.78","$18,945.56",High Value,,,,,
629,65,Male,"$84,223",83,7,46,Groceries,$971.93,"$44,708.78","$312,961.46",Price Sensitive,,,,,
630,64,Female,"$145,746",76,2,48,Home & Garden,$49.06,"$2,354.88","$4,709.76",High Value,,,,,
631,47,Female,"$108,766",37,7,38,Groceries,$640.55,"$24,340.90","$170,386.30",Growth Potential,,,,,
632,29,Female,"$72,125",41,5,31,Sports,$507.62,"$15,736.22","$78,681.10",Low Engagement,,,,,
633,43,Female,"$97,989",14,6,49,Electronics,$886.61,"$43,443.89","$260,663.34",Growth Potential,,,,,
634,51,Other,"$143,678",50,8,23,Electronics,$916.04,"$21,068.92","$168,551.36",Growth Potential,,,,,
635,23,Female,"$122,669",15,3,4,Electronics,$248.68,$994.72,"$2,984.16",Growth Potential,,,,,
636,24,Female,"$93,266",20,1,4,Clothing,$636.29,"$2,545.16","$2,545.16",Growth Potential,,,,,
637,52,Other,"$85,267",6,5,2,Home & Garden,$704.32,"$1,408.64","$7,043.20",Low Engagement,,,,,
638,34,Female,"$60,489",95,3,38,Home & Garden,$304.86,"$11,584.68","$34,754.04",Price Sensitive,,,,,
639,68,Male,"$57,700",70,8,46,Groceries,$178.21,"$8,197.66","$65,581.28",Price Sensitive,,,,,
640,57,Male,"$97,035",28,6,42,Home & Garden,$741.41,"$31,139.22","$186,835.32",Growth Potential,,,,,
641,59,Other,"$141,667",28,4,5,Sports,$204.25,"$1,021.25","$4,085.00",Growth Potential,,,,,
642,34,Female,"$114,408",38,7,28,Electronics,$647.35,"$18,125.80","$126,880.60",Growth Potential,,,,,
643,64,Female,"$92,888",2,7,50,Sports,$84.98,"$4,249.00","$29,743.00",Growth Potential,,,,,
644,54,Male,"$132,403",83,3,2,Sports,$45.20,$90.40,$271.20,High Value,,,,,
645,67,Other,"$115,578",10,1,36,Groceries,$646.16,"$23,261.76","$23,261.76",Growth Potential,,,,,
646,62,Male,"$113,856",78,6,50,Electronics,$720.47,"$36,023.50","$216,141.00",High Value,,,,,
647,24,Other,"$122,371",11,2,4,Electronics,$838.19,"$3,352.76","$6,705.52",Growth Potential,,,,,
648,43,Female,"$67,979",49,2,6,Groceries,$420.03,"$2,520.18","$5,040.36",Low Engagement,,,,,
649,27,Male,"$147,360",96,3,26,Sports,$26.10,$678.60,"$2,035.80",High Value,,,,,
650,47,Other,"$88,268",32,8,27,Groceries,$686.50,"$18,535.50","$148,284.00",Low Engagement,,,,,
651,27,Female,"$113,174",36,3,46,Electronics,$499.07,"$22,957.22","$68,871.66",Growth Potential,,,,,
652,32,Other,"$95,862",34,6,41,Electronics,$65.15,"$2,671.15","$16,026.90",Growth Potential,,,,,
653,41,Male,"$140,959",35,7,14,Home & Garden,$232.42,"$3,253.88","$22,777.16",Growth Potential,,,,,
654,48,Male,"$82,356",97,1,35,Sports,$204.55,"$7,159.25","$7,159.25",Price Sensitive,,,,,
655,45,Other,"$47,989",70,6,9,Groceries,$218.77,"$1,968.93","$11,813.58",Price Sensitive,,,,,
656,33,Other,"$65,142",45,10,42,Clothing,$132.60,"$5,569.20","$55,692.00",Low Engagement,,,,,
657,27,Male,"$81,110",44,6,8,Electronics,$654.05,"$5,232.40","$31,394.40",Low Engagement,,,,,
658,61,Male,"$145,578",79,2,34,Clothing,$762.06,"$25,910.04","$51,820.08",High Value,,,,,
659,35,Other,"$116,378",38,10,11,Clothing,$79.27,$871.97,"$8,719.70",Growth Potential,,,,,
660,54,Female,"$89,035",14,4,11,Sports,$138.81,"$1,526.91","$6,107.64",Growth Potential,,,,,
661,69,Female,"$34,122",50,4,27,Sports,$758.44,"$20,477.88","$81,911.52",Low Engagement,,,,,
662,66,Other,"$38,652",40,10,7,Home & Garden,$566.59,"$3,966.13","$39,661.30",Low Engagement,,,,,
663,30,Female,"$76,658",70,3,32,Groceries,$760.27,"$24,328.64","$72,985.92",Price Sensitive,,,,,
664,56,Other,"$30,492",47,5,6,Groceries,$725.26,"$4,351.56","$21,757.80",Low Engagement,,,,,
665,37,Male,"$105,623",26,5,47,Home & Garden,$94.79,"$4,455.13","$22,275.65",Growth Potential,,,,,
666,31,Other,"$85,972",62,9,25,Sports,$914.63,"$22,865.75","$205,791.75",Price Sensitive,,,,,
667,29,Female,"$135,394",53,9,36,Clothing,$30.13,"$1,084.68","$9,762.12",High Value,,,,,
668,27,Female,"$48,576",29,7,29,Sports,$976.83,"$28,328.07","$198,296.49",Low Engagement,,,,,
669,52,Male,"$87,717",79,6,44,Clothing,$95.17,"$4,187.48","$25,124.88",Price Sensitive,,,,,
670,55,Other,"$59,108",36,6,31,Home & Garden,$900.16,"$27,904.96","$167,429.76",Low Engagement,,,,,
671,34,Male,"$54,274",27,2,17,Home & Garden,$954.46,"$16,225.82","$32,451.64",Low Engagement,,,,,
672,30,Male,"$94,803",76,6,33,Home & Garden,$596.98,"$19,700.34","$118,202.04",High Value,,,,,
673,47,Female,"$40,790",36,1,4,Clothing,$913.84,"$3,655.36","$3,655.36",Low Engagement,,,,,
674,32,Other,"$41,072",14,5,39,Electronics,$981.04,"$38,260.56","$191,302.80",Low Engagement,,,,,
675,64,Female,"$67,704",12,6,17,Home & Garden,$126.15,"$2,144.55","$12,867.30",Low Engagement,,,,,
676,64,Female,"$48,169",39,5,33,Groceries,$451.86,"$14,911.38","$74,556.90",Low Engagement,,,,,
677,51,Female,"$146,159",99,7,38,Groceries,$808.89,"$30,737.82","$215,164.74",High Value,,,,,
678,63,Other,"$56,374",60,4,45,Home & Garden,$943.50,"$42,457.50","$169,830.00",Price Sensitive,,,,,
679,46,Female,"$112,770",6,10,27,Sports,$559.73,"$15,112.71","$151,127.10",Growth Potential,,,,,
680,36,Other,"$106,345",98,7,49,Clothing,$55.21,"$2,705.29","$18,937.03",High Value,,,,,
681,49,Other,"$115,974",95,8,22,Electronics,$143.00,"$3,146.00","$25,168.00",High Value,,,,,
682,61,Male,"$136,973",27,7,2,Electronics,$269.20,$538.40,"$3,768.80",Growth Potential,,,,,
683,27,Female,"$89,855",54,10,37,Home & Garden,$750.51,"$27,768.87","$277,688.70",High Value,,,,,
684,42,Male,"$56,378",8,9,18,Clothing,$880.45,"$15,848.10","$142,632.90",Low Engagement,,,,,
685,37,Male,"$104,041",64,9,49,Home & Garden,$117.52,"$5,758.48","$51,826.32",High Value,,,,,
686,30,Male,"$115,674",78,2,48,Clothing,$621.73,"$29,843.04","$59,686.08",High Value,,,,,
687,59,Male,"$65,196",22,2,36,Home & Garden,$625.33,"$22,511.88","$45,023.76",Low Engagement,,,,,
688,30,Male,"$94,970",15,4,11,Sports,$250.07,"$2,750.77","$11,003.08",Growth Potential,,,,,
689,69,Other,"$45,024",38,5,11,Clothing,$830.03,"$9,130.33","$45,651.65",Low Engagement,,,,,
690,39,Female,"$141,586",50,4,46,Clothing,$659.67,"$30,344.82","$121,379.28",Growth Potential,,,,,
691,53,Other,"$84,686",93,8,1,Groceries,$109.54,$109.54,$876.32,Price Sensitive,,,,,
692,23,Male,"$57,558",28,6,23,Electronics,$800.78,"$18,417.94","$110,507.64",Low Engagement,,,,,
693,28,Female,"$142,450",80,3,22,Groceries,$471.87,"$10,381.14","$31,143.42",High Value,,,,,
694,64,Male,"$32,144",76,2,28,Sports,$902.66,"$25,274.48","$50,548.96",Price Sensitive,,,,,
695,45,Male,"$53,474",79,8,21,Electronics,$40.32,$846.72,"$6,773.76",Price Sensitive,,,,,
696,61,Male,"$89,720",4,9,8,Groceries,$795.49,"$6,363.92","$57,275.28",Growth Potential,,,,,
697,36,Female,"$114,281",99,7,6,Sports,$217.78,"$1,306.68","$9,146.76",High Value,,,,,
698,33,Other,"$36,577",28,4,1,Electronics,$612.54,$612.54,"$2,450.16",Low Engagement,,,,,
699,55,Other,"$53,164",64,2,19,Clothing,$932.41,"$17,715.79","$35,431.58",Price Sensitive,,,,,
700,31,Male,"$33,604",8,5,2,Electronics,$984.15,"$1,968.30","$9,841.50",Low Engagement,,,,,
701,31,Male,"$148,121",34,9,32,Groceries,$753.49,"$24,111.68","$217,005.12",Growth Potential,,,,,
702,26,Female,"$42,499",92,9,50,Electronics,$37.57,"$1,878.50","$16,906.50",Price Sensitive,,,,,
703,26,Female,"$56,466",61,3,12,Home & Garden,$358.22,"$4,298.64","$12,895.92",Price Sensitive,,,,,
704,52,Female,"$58,805",14,2,47,Sports,$104.35,"$4,904.45","$9,808.90",Low Engagement,,,,,
705,42,Male,"$49,140",23,9,35,Clothing,$400.23,"$14,008.05","$126,072.45",Low Engagement,,,,,
706,29,Female,"$102,972",68,3,39,Clothing,$258.09,"$10,065.51","$30,196.53",High Value,,,,,
707,47,Female,"$128,439",42,5,22,Sports,$219.02,"$4,818.44","$24,092.20",Growth Potential,,,,,
708,68,Male,"$47,482",100,9,49,Clothing,$170.56,"$8,357.44","$75,216.96",Price Sensitive,,,,,
709,44,Female,"$118,123",40,8,31,Clothing,$140.52,"$4,356.12","$34,848.96",Growth Potential,,,,,
710,43,Female,"$43,545",67,5,41,Electronics,$179.71,"$7,368.11","$36,840.55",Price Sensitive,,,,,
711,43,Other,"$51,398",12,4,26,Sports,$117.85,"$3,064.10","$12,256.40",Low Engagement,,,,,
712,18,Male,"$141,318",37,6,28,Home & Garden,$428.33,"$11,993.24","$71,959.44",Growth Potential,,,,,
713,19,Female,"$76,416",26,6,20,Electronics,$385.10,"$7,702.00","$46,212.00",Low Engagement,,,,,
714,30,Male,"$100,115",54,2,36,Sports,$789.67,"$28,428.12","$56,856.24",High Value,,,,,
715,43,Other,"$67,912",71,10,35,Electronics,$698.03,"$24,431.05","$244,310.50",Price Sensitive,,,,,
716,48,Female,"$74,273",23,10,46,Sports,$626.27,"$28,808.42","$288,084.20",Low Engagement,,,,,
717,47,Male,"$136,278",76,10,48,Clothing,$233.64,"$11,214.72","$112,147.20",High Value,,,,,
718,57,Female,"$108,833",77,3,37,Home & Garden,$623.78,"$23,079.86","$69,239.58",High Value,,,,,
719,21,Female,"$119,226",21,8,50,Sports,$772.63,"$38,631.50","$309,052.00",Growth Potential,,,,,
720,69,Other,"$72,651",58,5,30,Electronics,$103.11,"$3,093.30","$15,466.50",Price Sensitive,,,,,
721,27,Male,"$114,848",66,10,38,Groceries,$912.58,"$34,678.04","$346,780.40",High Value,,,,,
722,45,Male,"$127,989",99,1,42,Home & Garden,$683.99,"$28,727.58","$28,727.58",High Value,,,,,
723,20,Male,"$48,504",27,3,28,Groceries,$658.54,"$18,439.12","$55,317.36",Low Engagement,,,,,
724,21,Other,"$114,762",28,3,7,Sports,$397.54,"$2,782.78","$8,348.34",Growth Potential,,,,,
725,48,Female,"$108,563",3,8,39,Clothing,$15.72,$613.08,"$4,904.64",Growth Potential,,,,,
726,40,Other,"$105,994",39,9,17,Home & Garden,$347.21,"$5,902.57","$53,123.13",Growth Potential,,,,,
727,18,Other,"$84,764",2,6,49,Home & Garden,$348.51,"$17,076.99","$102,461.94",Low Engagement,,,,,
728,28,Other,"$53,503",39,5,30,Groceries,$591.64,"$17,749.20","$88,746.00",Low Engagement,,,,,
729,50,Male,"$86,985",77,8,11,Sports,$964.10,"$10,605.10","$84,840.80",Price Sensitive,,,,,
730,19,Male,"$85,349",77,8,29,Home & Garden,$381.04,"$11,050.16","$88,401.28",Price Sensitive,,,,,
731,53,Female,"$52,855",12,5,33,Groceries,$444.09,"$14,654.97","$73,274.85",Low Engagement,,,,,
732,29,Other,"$66,264",85,2,8,Electronics,$743.30,"$5,946.40","$11,892.80",Price Sensitive,,,,,
733,49,Male,"$56,707",6,8,29,Electronics,$604.53,"$17,531.37","$140,250.96",Low Engagement,,,,,
734,23,Other,"$66,886",7,6,40,Electronics,$322.64,"$12,905.60","$77,433.60",Low Engagement,,,,,
735,38,Other,"$115,537",10,7,25,Clothing,$632.99,"$15,824.75","$110,773.25",Growth Potential,,,,,
736,52,Female,"$130,875",76,10,14,Clothing,$979.39,"$13,711.46","$137,114.60",High Value,,,,,
737,28,Male,"$104,971",74,4,10,Clothing,$297.17,"$2,971.70","$11,886.80",High Value,,,,,
738,18,Female,"$136,320",52,5,42,Electronics,$891.19,"$37,429.98","$187,149.90",High Value,,,,,
739,61,Male,"$113,380",27,2,17,Electronics,$177.50,"$3,017.50","$6,035.00",Growth Potential,,,,,
740,62,Female,"$119,083",18,4,28,Electronics,$317.78,"$8,897.84","$35,591.36",Growth Potential,,,,,
741,50,Female,"$50,944",24,3,36,Electronics,$121.22,"$4,363.92","$13,091.76",Low Engagement,,,,,
742,45,Other,"$30,738",38,7,5,Home & Garden,$144.00,$720.00,"$5,040.00",Low Engagement,,,,,
743,64,Male,"$132,277",81,5,30,Sports,$505.24,"$15,157.20","$75,786.00",High Value,,,,,
744,56,Male,"$90,816",20,10,35,Electronics,$808.16,"$28,285.60","$282,856.00",Growth Potential,,,,,
745,30,Female,"$64,288",93,9,43,Groceries,$825.85,"$35,511.55","$319,603.95",Price Sensitive,,,,,
746,60,Male,"$34,657",99,10,3,Electronics,$983.30,"$2,949.90","$29,499.00",Price Sensitive,,,,,
747,26,Male,"$44,725",40,10,17,Groceries,$307.42,"$5,226.14","$52,261.40",Low Engagement,,,,,
748,57,Female,"$58,696",69,4,29,Groceries,$570.87,"$16,555.23","$66,220.92",Price Sensitive,,,,,
749,22,Male,"$73,023",30,1,19,Home & Garden,$661.70,"$12,572.30","$12,572.30",Low Engagement,,,,,
750,41,Other,"$74,985",68,8,21,Electronics,$123.96,"$2,603.16","$20,825.28",Price Sensitive,,,,,
751,63,Male,"$37,201",60,6,46,Groceries,$90.96,"$4,184.16","$25,104.96",Price Sensitive,,,,,
752,31,Male,"$85,928",10,2,40,Home & Garden,$34.10,"$1,364.00","$2,728.00",Low Engagement,,,,,
753,28,Other,"$129,367",4,1,44,Electronics,$559.61,"$24,622.84","$24,622.84",Growth Potential,,,,,
754,52,Male,"$49,342",77,7,29,Groceries,$622.86,"$18,062.94","$126,440.58",Price Sensitive,,,,,
755,61,Male,"$59,583",11,8,27,Clothing,$744.56,"$20,103.12","$160,824.96",Low Engagement,,,,,
756,30,Female,"$111,050",61,10,32,Electronics,$213.88,"$6,844.16","$68,441.60",High Value,,,,,
757,19,Female,"$129,687",78,3,43,Home & Garden,$679.67,"$29,225.81","$87,677.43",High Value,,,,,
758,35,Male,"$94,896",36,6,4,Home & Garden,$102.23,$408.92,"$2,453.52",Growth Potential,,,,,
759,64,Other,"$130,443",29,1,17,Home & Garden,$835.67,"$14,206.39","$14,206.39",Growth Potential,,,,,
760,27,Male,"$80,545",63,6,46,Sports,$575.98,"$26,495.08","$158,970.48",Price Sensitive,,,,,
761,47,Male,"$112,510",1,2,10,Home & Garden,$618.20,"$6,182.00","$12,364.00",Growth Potential,,,,,
762,57,Male,"$145,190",42,9,8,Sports,$971.83,"$7,774.64","$69,971.76",Growth Potential,,,,,
763,63,Male,"$115,204",12,2,19,Home & Garden,$910.59,"$17,301.21","$34,602.42",Growth Potential,,,,,
764,61,Female,"$116,123",96,2,27,Sports,$844.95,"$22,813.65","$45,627.30",High Value,,,,,
765,40,Other,"$108,344",87,2,13,Electronics,$892.28,"$11,599.64","$23,199.28",High Value,,,,,
766,41,Other,"$74,198",84,1,50,Clothing,$60.51,"$3,025.50","$3,025.50",Price Sensitive,,,,,
767,45,Other,"$62,582",1,6,46,Clothing,$298.11,"$13,713.06","$82,278.36",Low Engagement,,,,,
768,33,Other,"$92,798",80,3,44,Groceries,$367.85,"$16,185.40","$48,556.20",High Value,,,,,
769,19,Male,"$85,583",61,5,43,Sports,$316.35,"$13,603.05","$68,015.25",Price Sensitive,,,,,
770,61,Male,"$32,692",18,8,28,Groceries,$709.33,"$19,861.24","$158,889.92",Low Engagement,,,,,
771,55,Other,"$53,069",3,10,43,Clothing,$777.97,"$33,452.71","$334,527.10",Low Engagement,,,,,
772,26,Female,"$79,842",78,9,5,Clothing,$557.41,"$2,787.05","$25,083.45",Price Sensitive,,,,,
773,51,Female,"$70,099",42,7,12,Groceries,$481.56,"$5,778.72","$40,451.04",Low Engagement,,,,,
774,52,Male,"$52,167",19,5,50,Home & Garden,$961.55,"$48,077.50","$240,387.50",Low Engagement,,,,,
775,24,Male,"$51,225",21,6,31,Sports,$235.64,"$7,304.84","$43,829.04",Low Engagement,,,,,
776,31,Female,"$123,947",25,2,39,Groceries,$355.67,"$13,871.13","$27,742.26",Growth Potential,,,,,
777,19,Other,"$45,781",93,6,43,Sports,$412.99,"$17,758.57","$106,551.42",Price Sensitive,,,,,
778,46,Female,"$78,023",83,7,28,Sports,$270.15,"$7,564.20","$52,949.40",Price Sensitive,,,,,
779,56,Other,"$43,031",56,2,15,Electronics,$830.79,"$12,461.85","$24,923.70",Price Sensitive,,,,,
780,65,Other,"$80,686",2,8,30,Sports,$491.80,"$14,754.00","$118,032.00",Low Engagement,,,,,
781,53,Male,"$147,355",10,2,38,Home & Garden,$866.30,"$32,919.40","$65,838.80",Growth Potential,,,,,
782,22,Male,"$118,840",32,9,9,Electronics,$819.14,"$7,372.26","$66,350.34",Growth Potential,,,,,
783,39,Other,"$71,987",42,5,35,Clothing,$196.61,"$6,881.35","$34,406.75",Low Engagement,,,,,
784,47,Other,"$64,229",74,5,22,Groceries,$438.95,"$9,656.90","$48,284.50",Price Sensitive,,,,,
785,45,Female,"$88,366",22,10,24,Electronics,$253.64,"$6,087.36","$60,873.60",Low Engagement,,,,,
786,30,Male,"$43,192",61,1,27,Sports,$614.39,"$16,588.53","$16,588.53",Price Sensitive,,,,,
787,57,Other,"$56,547",65,10,43,Groceries,$686.83,"$29,533.69","$295,336.90",Price Sensitive,,,,,
788,33,Male,"$38,558",71,8,22,Home & Garden,$223.73,"$4,922.06","$39,376.48",Price Sensitive,,,,,
789,25,Female,"$52,575",77,5,13,Clothing,$112.22,"$1,458.86","$7,294.30",Price Sensitive,,,,,
790,61,Male,"$96,409",66,1,32,Sports,$674.93,"$21,597.76","$21,597.76",High Value,,,,,
791,59,Female,"$97,756",89,6,3,Home & Garden,$318.74,$956.22,"$5,737.32",High Value,,,,,
792,18,Other,"$140,475",38,8,7,Sports,$442.42,"$3,096.94","$24,775.52",Growth Potential,,,,,
793,63,Female,"$123,481",26,1,26,Home & Garden,$386.51,"$10,049.26","$10,049.26",Growth Potential,,,,,
794,50,Male,"$103,921",58,2,3,Electronics,$687.32,"$2,061.96","$4,123.92",High Value,,,,,
795,33,Female,"$45,432",11,4,42,Electronics,$990.34,"$41,594.28","$166,377.12",Low Engagement,,,,,
796,47,Male,"$92,114",17,7,8,Home & Garden,$997.15,"$7,977.20","$55,840.40",Growth Potential,,,,,
797,47,Male,"$86,651",54,3,49,Home & Garden,$678.41,"$33,242.09","$99,726.27",Price Sensitive,,,,,
798,68,Other,"$44,597",3,1,36,Sports,$743.73,"$26,774.28","$26,774.28",Low Engagement,,,,,
799,25,Male,"$107,042",27,1,32,Clothing,$648.79,"$20,761.28","$20,761.28",Growth Potential,,,,,
800,35,Other,"$114,874",40,3,15,Sports,$333.55,"$5,003.25","$15,009.75",Growth Potential,,,,,
801,61,Other,"$69,791",33,8,1,Sports,$165.39,$165.39,"$1,323.12",Low Engagement,,,,,
802,51,Male,"$107,033",96,3,42,Groceries,$992.17,"$41,671.14","$125,013.42",High Value,,,,,
803,64,Male,"$127,745",72,2,11,Groceries,$192.17,"$2,113.87","$4,227.74",High Value,,,,,
804,59,Female,"$58,656",47,6,6,Groceries,$246.07,"$1,476.42","$8,858.52",Low Engagement,,,,,
805,51,Female,"$97,660",3,7,30,Sports,$145.66,"$4,369.80","$30,588.60",Growth Potential,,,,,
806,49,Male,"$69,864",92,10,25,Groceries,$522.78,"$13,069.50","$130,695.00",Price Sensitive,,,,,
807,24,Male,"$68,172",6,1,28,Clothing,$445.30,"$12,468.40","$12,468.40",Low Engagement,,,,,
808,33,Male,"$127,302",43,1,40,Groceries,$785.52,"$31,420.80","$31,420.80",Growth Potential,,,,,
809,46,Other,"$91,845",35,8,49,Electronics,$537.23,"$26,324.27","$210,594.16",Growth Potential,,,,,
810,35,Male,"$83,547",27,7,40,Electronics,$570.08,"$22,803.20","$159,622.40",Low Engagement,,,,,
811,27,Female,"$78,001",50,5,17,Home & Garden,$117.03,"$1,989.51","$9,947.55",Low Engagement,,,,,
812,53,Other,"$76,842",73,6,35,Home & Garden,$701.61,"$24,556.35","$147,338.10",Price Sensitive,,,,,
813,19,Male,"$68,304",9,10,28,Sports,$864.57,"$24,207.96","$242,079.60",Low Engagement,,,,,
814,56,Other,"$145,028",2,10,32,Home & Garden,$849.56,"$27,185.92","$271,859.20",Growth Potential,,,,,
815,53,Female,"$58,486",87,8,23,Home & Garden,$409.35,"$9,415.05","$75,320.40",Price Sensitive,,,,,
816,50,Other,"$143,612",71,9,28,Groceries,$372.69,"$10,435.32","$93,917.88",High Value,,,,,
817,37,Female,"$115,734",87,2,50,Groceries,$646.40,"$32,320.00","$64,640.00",High Value,,,,,
818,69,Male,"$129,445",32,3,6,Home & Garden,$42.19,$253.14,$759.42,Growth Potential,,,,,
819,46,Other,"$58,692",2,9,22,Home & Garden,$230.66,"$5,074.52","$45,670.68",Low Engagement,,,,,
820,52,Other,"$73,723",69,10,19,Sports,$321.92,"$6,116.48","$61,164.80",Price Sensitive,,,,,
821,41,Other,"$37,547",72,3,24,Groceries,$897.46,"$21,539.04","$64,617.12",Price Sensitive,,,,,
822,26,Female,"$34,901",31,7,9,Groceries,$667.80,"$6,010.20","$42,071.40",Low Engagement,,,,,
823,69,Male,"$85,068",54,6,24,Sports,$846.68,"$20,320.32","$121,921.92",Price Sensitive,,,,,
824,38,Female,"$81,244",57,5,3,Home & Garden,$301.59,$904.77,"$4,523.85",Price Sensitive,,,,,
825,30,Female,"$121,358",16,1,2,Electronics,$122.70,$245.40,$245.40,Growth Potential,,,,,
826,48,Male,"$111,795",41,9,17,Groceries,$116.19,"$1,975.23","$17,777.07",Growth Potential,,,,,
827,62,Other,"$88,975",58,6,24,Sports,$921.21,"$22,109.04","$132,654.24",High Value,,,,,
828,34,Male,"$43,316",72,7,13,Electronics,$274.88,"$3,573.44","$25,014.08",Price Sensitive,,,,,
829,37,Male,"$112,949",33,8,40,Home & Garden,$424.07,"$16,962.80","$135,702.40",Growth Potential,,,,,
830,28,Male,"$136,418",17,5,17,Home & Garden,$765.53,"$13,014.01","$65,070.05",Growth Potential,,,,,
831,43,Female,"$76,811",26,1,33,Home & Garden,$836.50,"$27,604.50","$27,604.50",Low Engagement,,,,,
832,69,Other,"$81,964",22,1,3,Home & Garden,$839.20,"$2,517.60","$2,517.60",Low Engagement,,,,,
833,43,Female,"$85,487",71,7,49,Sports,$625.26,"$30,637.74","$214,464.18",Price Sensitive,,,,,
834,38,Male,"$101,111",98,8,35,Clothing,$738.01,"$25,830.35","$206,642.80",High Value,,,,,
835,41,Female,"$68,147",75,2,33,Groceries,$553.35,"$18,260.55","$36,521.10",Price Sensitive,,,,,
836,30,Other,"$42,089",29,3,3,Home & Garden,$536.52,"$1,609.56","$4,828.68",Low Engagement,,,,,
837,69,Female,"$106,629",4,7,9,Groceries,$443.22,"$3,988.98","$27,922.86",Growth Potential,,,,,
838,57,Male,"$98,928",80,3,33,Electronics,$934.98,"$30,854.34","$92,563.02",High Value,,,,,
839,43,Male,"$90,687",9,5,24,Sports,$531.25,"$12,750.00","$63,750.00",Growth Potential,,,,,
840,58,Female,"$68,764",96,6,31,Groceries,$723.66,"$22,433.46","$134,600.76",Price Sensitive,,,,,
841,40,Male,"$125,996",64,6,15,Clothing,$583.95,"$8,759.25","$52,555.50",High Value,,,,,
842,33,Female,"$96,916",23,6,12,Sports,$373.49,"$4,481.88","$26,891.28",Growth Potential,,,,,
843,50,Other,"$149,578",28,2,39,Home & Garden,$839.34,"$32,734.26","$65,468.52",Growth Potential,,,,,
844,43,Male,"$140,638",62,10,18,Home & Garden,$78.52,"$1,413.36","$14,133.60",High Value,,,,,
845,45,Female,"$57,615",30,5,15,Electronics,$998.09,"$14,971.35","$74,856.75",Low Engagement,,,,,
846,60,Other,"$61,376",97,8,9,Electronics,$793.84,"$7,144.56","$57,156.48",Price Sensitive,,,,,
847,22,Male,"$134,801",47,1,49,Groceries,$292.92,"$14,353.08","$14,353.08",Growth Potential,,,,,
848,60,Other,"$111,784",31,1,14,Clothing,$122.12,"$1,709.68","$1,709.68",Growth Potential,,,,,
849,56,Female,"$86,142",87,7,8,Sports,$291.96,"$2,335.68","$16,349.76",Price Sensitive,,,,,
850,48,Female,"$126,398",19,1,18,Clothing,$311.08,"$5,599.44","$5,599.44",Growth Potential,,,,,
851,51,Other,"$59,566",25,5,22,Groceries,$847.03,"$18,634.66","$93,173.30",Low Engagement,,,,,
852,64,Female,"$63,123",88,1,16,Groceries,$330.95,"$5,295.20","$5,295.20",Price Sensitive,,,,,
853,22,Other,"$120,644",75,1,4,Clothing,$456.11,"$1,824.44","$1,824.44",High Value,,,,,
854,27,Female,"$40,595",84,6,15,Groceries,$268.76,"$4,031.40","$24,188.40",Price Sensitive,,,,,
855,18,Male,"$30,102",35,2,6,Sports,$739.27,"$4,435.62","$8,871.24",Low Engagement,,,,,
856,45,Other,"$135,627",67,2,46,Groceries,$524.16,"$24,111.36","$48,222.72",High Value,,,,,
857,19,Female,"$90,561",75,10,23,Home & Garden,$866.23,"$19,923.29","$199,232.90",High Value,,,,,
858,67,Male,"$115,470",56,4,6,Clothing,$151.74,$910.44,"$3,641.76",High Value,,,,,
859,22,Male,"$62,752",2,10,22,Electronics,$469.36,"$10,325.92","$103,259.20",Low Engagement,,,,,
860,22,Male,"$46,866",3,7,46,Electronics,$737.44,"$33,922.24","$237,455.68",Low Engagement,,,,,
861,21,Other,"$145,884",3,4,25,Home & Garden,$676.93,"$16,923.25","$67,693.00",Growth Potential,,,,,
862,20,Male,"$79,899",64,7,46,Clothing,$129.90,"$5,975.40","$41,827.80",Price Sensitive,,,,,
863,42,Other,"$77,292",73,10,43,Groceries,$787.66,"$33,869.38","$338,693.80",Price Sensitive,,,,,
864,41,Male,"$92,371",28,10,48,Electronics,$594.96,"$28,558.08","$285,580.80",Growth Potential,,,,,
865,57,Other,"$106,632",26,1,17,Groceries,$610.98,"$10,386.66","$10,386.66",Growth Potential,,,,,
866,22,Male,"$48,068",57,2,24,Electronics,$683.02,"$16,392.48","$32,784.96",Price Sensitive,,,,,
867,68,Other,"$35,122",72,6,33,Sports,$983.84,"$32,466.72","$194,800.32",Price Sensitive,,,,,
868,51,Other,"$83,467",83,1,19,Clothing,$30.88,$586.72,$586.72,Price Sensitive,,,,,
869,49,Female,"$61,376",47,5,16,Home & Garden,$241.25,"$3,860.00","$19,300.00",Low Engagement,,,,,
870,57,Other,"$112,212",6,6,44,Home & Garden,$312.64,"$13,756.16","$82,536.96",Growth Potential,,,,,
871,57,Female,"$128,481",86,10,40,Home & Garden,$727.15,"$29,086.00","$290,860.00",High Value,,,,,
872,63,Male,"$33,546",18,9,31,Sports,$191.80,"$5,945.80","$53,512.20",Low Engagement,,,,,
873,42,Female,"$127,546",54,1,31,Clothing,$484.72,"$15,026.32","$15,026.32",High Value,,,,,
874,35,Male,"$121,037",70,1,28,Groceries,$304.08,"$8,514.24","$8,514.24",High Value,,,,,
875,25,Female,"$76,606",99,10,32,Home & Garden,$472.40,"$15,116.80","$151,168.00",Price Sensitive,,,,,
876,60,Other,"$120,195",68,9,26,Sports,$600.21,"$15,605.46","$140,449.14",High Value,,,,,
877,51,Female,"$127,950",27,3,45,Home & Garden,$412.76,"$18,574.20","$55,722.60",Growth Potential,,,,,
878,45,Female,"$51,646",61,5,41,Home & Garden,$246.41,"$10,102.81","$50,514.05",Price Sensitive,,,,,
879,51,Male,"$80,995",68,1,18,Sports,$863.54,"$15,543.72","$15,543.72",Price Sensitive,,,,,
880,59,Other,"$97,355",63,2,22,Groceries,$329.18,"$7,241.96","$14,483.92",High Value,,,,,
881,47,Female,"$133,264",93,2,21,Groceries,$11.01,$231.21,$462.42,High Value,,,,,
882,61,Male,"$49,557",22,6,12,Clothing,$678.13,"$8,137.56","$48,825.36",Low Engagement,,,,,
883,62,Other,"$97,909",100,1,5,Home & Garden,$439.63,"$2,198.15","$2,198.15",High Value,,,,,
884,50,Female,"$59,695",70,5,6,Clothing,$241.99,"$1,451.94","$7,259.70",Price Sensitive,,,,,
885,58,Other,"$149,723",70,9,23,Electronics,$374.59,"$8,615.57","$77,540.13",High Value,,,,,
886,26,Other,"$113,532",70,7,28,Sports,$679.69,"$19,031.32","$133,219.24",High Value,,,,,
887,60,Male,"$98,882",38,2,28,Groceries,$940.14,"$26,323.92","$52,647.84",Growth Potential,,,,,
888,29,Male,"$149,973",2,2,19,Groceries,$437.10,"$8,304.90","$16,609.80",Growth Potential,,,,,
889,33,Other,"$146,269",92,6,10,Sports,$486.86,"$4,868.60","$29,211.60",High Value,,,,,
890,60,Other,"$73,059",77,3,31,Clothing,$581.15,"$18,015.65","$54,046.95",Price Sensitive,,,,,
891,22,Other,"$87,909",19,7,39,Sports,$20.52,$800.28,"$5,601.96",Low Engagement,,,,,
892,66,Other,"$40,932",5,1,48,Sports,$546.06,"$26,210.88","$26,210.88",Low Engagement,,,,,
893,24,Female,"$60,763",92,5,29,Home & Garden,$320.70,"$9,300.30","$46,501.50",Price Sensitive,,,,,
894,63,Other,"$119,492",25,8,40,Sports,$758.10,"$30,324.00","$242,592.00",Growth Potential,,,,,
895,27,Male,"$128,640",3,5,2,Home & Garden,$140.52,$281.04,"$1,405.20",Growth Potential,,,,,
896,53,Male,"$137,307",34,1,26,Sports,$952.12,"$24,755.12","$24,755.12",Growth Potential,,,,,
897,32,Male,"$81,701",96,9,49,Electronics,$77.45,"$3,795.05","$34,155.45",Price Sensitive,,,,,
898,64,Other,"$82,140",57,3,7,Home & Garden,$97.97,$685.79,"$2,057.37",Price Sensitive,,,,,
899,48,Male,"$134,463",32,2,7,Electronics,$535.10,"$3,745.70","$7,491.40",Growth Potential,,,,,
900,52,Female,"$41,544",1,10,46,Home & Garden,$720.52,"$33,143.92","$331,439.20",Low Engagement,,,,,
901,57,Female,"$135,440",46,8,3,Home & Garden,$442.46,"$1,327.38","$10,619.04",Growth Potential,,,,,
902,55,Female,"$72,193",39,2,6,Home & Garden,$207.44,"$1,244.64","$2,489.28",Low Engagement,,,,,
903,33,Other,"$106,771",23,7,3,Sports,$609.80,"$1,829.40","$12,805.80",Growth Potential,,,,,
904,64,Female,"$122,557",87,2,5,Groceries,$344.59,"$1,722.95","$3,445.90",High Value,,,,,
905,64,Male,"$139,658",77,6,26,Sports,$71.97,"$1,871.22","$11,227.32",High Value,,,,,
906,25,Male,"$130,604",100,4,41,Electronics,$355.45,"$14,573.45","$58,293.80",High Value,,,,,
907,62,Other,"$113,706",19,1,13,Home & Garden,$427.68,"$5,559.84","$5,559.84",Growth Potential,,,,,
908,59,Other,"$141,567",27,8,30,Sports,$95.96,"$2,878.80","$23,030.40",Growth Potential,,,,,
909,27,Female,"$89,618",49,8,12,Groceries,$831.05,"$9,972.60","$79,780.80",Growth Potential,,,,,
910,55,Other,"$45,562",68,3,30,Groceries,$628.34,"$18,850.20","$56,550.60",Price Sensitive,,,,,
911,66,Female,"$55,154",93,3,19,Electronics,$684.88,"$13,012.72","$39,038.16",Price Sensitive,,,,,
912,54,Male,"$69,676",9,7,30,Clothing,$932.68,"$27,980.40","$195,862.80",Low Engagement,,,,,
913,38,Male,"$45,551",100,10,22,Electronics,$99.63,"$2,191.86","$21,918.60",Price Sensitive,,,,,
914,55,Male,"$109,314",72,10,47,Electronics,$438.97,"$20,631.59","$206,315.90",High Value,,,,,
915,18,Other,"$69,502",83,6,32,Sports,$236.83,"$7,578.56","$45,471.36",Price Sensitive,,,,,
916,26,Male,"$131,020",23,7,22,Groceries,$844.88,"$18,587.36","$130,111.52",Growth Potential,,,,,
917,49,Other,"$30,523",83,4,38,Electronics,$564.48,"$21,450.24","$85,800.96",Price Sensitive,,,,,
918,36,Female,"$45,458",74,6,19,Groceries,$135.23,"$2,569.37","$15,416.22",Price Sensitive,,,,,
919,28,Other,"$57,107",82,5,2,Home & Garden,$271.17,$542.34,"$2,711.70",Price Sensitive,,,,,
920,60,Other,"$44,555",84,7,28,Electronics,$678.42,"$18,995.76","$132,970.32",Price Sensitive,,,,,
921,66,Male,"$122,436",73,7,47,Home & Garden,$666.62,"$31,331.14","$219,317.98",High Value,,,,,
922,58,Male,"$105,157",51,3,27,Clothing,$344.39,"$9,298.53","$27,895.59",High Value,,,,,
923,68,Male,"$107,702",73,4,2,Sports,$136.03,$272.06,"$1,088.24",High Value,,,,,
924,20,Male,"$88,778",56,2,28,Groceries,$240.93,"$6,746.04","$13,492.08",High Value,,,,,
925,53,Other,"$32,539",22,6,42,Home & Garden,$536.06,"$22,514.52","$135,087.12",Low Engagement,,,,,
926,39,Female,"$53,091",41,9,3,Groceries,$12.45,$37.35,$336.15,Low Engagement,,,,,
927,46,Other,"$46,368",11,7,17,Home & Garden,$869.05,"$14,773.85","$103,416.95",Low Engagement,,,,,
928,28,Male,"$134,592",43,10,25,Clothing,$557.04,"$13,926.00","$139,260.00",Growth Potential,,,,,
929,35,Male,"$48,768",43,2,5,Electronics,$746.74,"$3,733.70","$7,467.40",Low Engagement,,,,,
930,42,Other,"$128,064",8,8,44,Groceries,$316.50,"$13,926.00","$111,408.00",Growth Potential,,,,,
931,59,Male,"$48,329",6,8,26,Home & Garden,$36.76,$955.76,"$7,646.08",Low Engagement,,,,,
932,31,Other,"$30,969",32,9,11,Sports,$562.47,"$6,187.17","$55,684.53",Low Engagement,,,,,
933,18,Male,"$117,893",84,3,24,Electronics,$413.27,"$9,918.48","$29,755.44",High Value,,,,,
934,47,Male,"$138,152",53,2,38,Groceries,$129.08,"$4,905.04","$9,810.08",High Value,,,,,
935,48,Other,"$129,592",2,3,26,Clothing,$748.46,"$19,459.96","$58,379.88",Growth Potential,,,,,
936,51,Male,"$148,784",17,1,50,Home & Garden,$302.81,"$15,140.50","$15,140.50",Growth Potential,,,,,
937,43,Female,"$42,201",76,1,50,Home & Garden,$106.48,"$5,324.00","$5,324.00",Price Sensitive,,,,,
938,64,Other,"$65,498",23,5,24,Clothing,$351.94,"$8,446.56","$42,232.80",Low Engagement,,,,,
939,37,Male,"$70,213",84,3,37,Home & Garden,$785.53,"$29,064.61","$87,193.83",Price Sensitive,,,,,
940,56,Female,"$51,736",3,9,25,Home & Garden,$666.01,"$16,650.25","$149,852.25",Low Engagement,,,,,
941,54,Male,"$33,706",64,9,1,Clothing,$371.93,$371.93,"$3,347.37",Price Sensitive,,,,,
942,36,Male,"$33,087",69,7,21,Sports,$651.80,"$13,687.80","$95,814.60",Price Sensitive,,,,,
943,54,Female,"$140,081",100,1,25,Electronics,$30.51,$762.75,$762.75,High Value,,,,,
944,47,Other,"$37,014",76,5,34,Electronics,$880.18,"$29,926.12","$149,630.60",Price Sensitive,,,,,
945,65,Male,"$42,779",81,5,38,Clothing,$594.92,"$22,606.96","$113,034.80",Price Sensitive,,,,,
946,59,Male,"$149,936",80,7,37,Groceries,$406.60,"$15,044.20","$105,309.40",High Value,,,,,
947,60,Other,"$111,493",40,10,8,Groceries,$190.34,"$1,522.72","$15,227.20",Growth Potential,,,,,
948,21,Other,"$117,520",34,3,32,Sports,$256.98,"$8,223.36","$24,670.08",Growth Potential,,,,,
949,62,Other,"$128,667",37,5,17,Sports,$150.62,"$2,560.54","$12,802.70",Growth Potential,,,,,
950,45,Other,"$114,390",38,3,9,Groceries,$663.25,"$5,969.25","$17,907.75",Growth Potential,,,,,
951,41,Other,"$134,487",7,10,50,Electronics,$556.10,"$27,805.00","$278,050.00",Growth Potential,,,,,
952,29,Female,"$45,164",54,8,45,Groceries,$915.62,"$41,202.90","$329,623.20",Price Sensitive,,,,,
953,51,Male,"$104,830",43,9,36,Sports,$593.92,"$21,381.12","$192,430.08",Growth Potential,,,,,
954,44,Male,"$123,822",20,4,8,Electronics,$209.75,"$1,678.00","$6,712.00",Growth Potential,,,,,
955,30,Male,"$50,661",89,9,22,Sports,$630.37,"$13,868.14","$124,813.26",Price Sensitive,,,,,
956,60,Other,"$48,802",68,1,40,Groceries,$296.76,"$11,870.40","$11,870.40",Price Sensitive,,,,,
957,60,Female,"$56,429",69,9,32,Groceries,$894.95,"$28,638.40","$257,745.60",Price Sensitive,,,,,
958,26,Female,"$41,126",37,9,44,Clothing,$100.64,"$4,428.16","$39,853.44",Low Engagement,,,,,
959,38,Female,"$99,054",59,6,4,Groceries,$174.22,$696.88,"$4,181.28",High Value,,,,,
960,61,Female,"$50,349",76,9,42,Clothing,$957.50,"$40,215.00","$361,935.00",Price Sensitive,,,,,
961,23,Female,"$60,808",96,2,12,Home & Garden,$231.03,"$2,772.36","$5,544.72",Price Sensitive,,,,,
962,60,Male,"$98,537",71,9,45,Groceries,$725.67,"$32,655.15","$293,896.35",High Value,,,,,
963,66,Female,"$72,885",1,9,33,Groceries,$654.48,"$21,597.84","$194,380.56",Low Engagement,,,,,
964,26,Other,"$109,221",91,2,44,Sports,$660.05,"$29,042.20","$58,084.40",High Value,,,,,
965,49,Other,"$94,218",4,10,5,Electronics,$287.36,"$1,436.80","$14,368.00",Growth Potential,,,,,
966,58,Other,"$133,888",92,10,14,Home & Garden,$628.30,"$8,796.20","$87,962.00",High Value,,,,,
967,46,Female,"$67,361",80,6,25,Sports,$350.08,"$8,752.00","$52,512.00",Price Sensitive,,,,,
968,23,Female,"$74,773",16,2,42,Groceries,$626.05,"$26,294.10","$52,588.20",Low Engagement,,,,,
969,61,Other,"$38,209",79,8,40,Sports,$724.23,"$28,969.20","$231,753.60",Price Sensitive,,,,,
970,68,Female,"$40,471",28,3,33,Groceries,$40.89,"$1,349.37","$4,048.11",Low Engagement,,,,,
971,58,Female,"$51,913",14,4,21,Home & Garden,$733.63,"$15,406.23","$61,624.92",Low Engagement,,,,,
972,41,Male,"$120,294",79,5,44,Clothing,$942.03,"$41,449.32","$207,246.60",High Value,,,,,
973,43,Male,"$130,645",34,10,5,Groceries,$833.69,"$4,168.45","$41,684.50",Growth Potential,,,,,
974,48,Other,"$75,118",84,6,41,Electronics,$711.37,"$29,166.17","$174,997.02",Price Sensitive,,,,,
975,49,Female,"$79,546",26,5,12,Home & Garden,$935.73,"$11,228.76","$56,143.80",Low Engagement,,,,,
976,30,Male,"$54,930",12,9,13,Electronics,$724.88,"$9,423.44","$84,810.96",Low Engagement,,,,,
977,37,Male,"$100,314",71,5,19,Groceries,$692.74,"$13,162.06","$65,810.30",High Value,,,,,
978,45,Female,"$91,381",48,8,16,Sports,$253.13,"$4,050.08","$32,400.64",Growth Potential,,,,,
979,66,Female,"$74,055",100,6,17,Sports,$318.70,"$5,417.90","$32,507.40",Price Sensitive,,,,,
980,45,Female,"$135,047",11,9,42,Clothing,$422.93,"$17,763.06","$159,867.54",Growth Potential,,,,,
981,30,Male,"$117,373",32,1,49,Home & Garden,$129.35,"$6,338.15","$6,338.15",Growth Potential,,,,,
982,59,Other,"$87,884",79,9,28,Groceries,$491.55,"$13,763.40","$123,870.60",Price Sensitive,,,,,
983,68,Female,"$117,203",76,7,38,Electronics,$363.94,"$13,829.72","$96,808.04",High Value,,,,,
984,51,Other,"$91,682",27,9,49,Electronics,$990.87,"$48,552.63","$436,973.67",Growth Potential,,,,,
985,35,Other,"$82,057",66,4,9,Sports,$683.93,"$6,155.37","$24,621.48",Price Sensitive,,,,,
986,66,Other,"$78,149",2,10,9,Home & Garden,$579.27,"$5,213.43","$52,134.30",Low Engagement,,,,,
987,22,Male,"$80,049",1,10,47,Sports,$16.97,$797.59,"$7,975.90",Low Engagement,,,,,
988,26,Male,"$148,451",78,5,14,Groceries,$99.19,"$1,388.66","$6,943.30",High Value,,,,,
989,26,Male,"$45,147",93,1,32,Home & Garden,$750.58,"$24,018.56","$24,018.56",Price Sensitive,,,,,
990,31,Other,"$45,695",36,2,31,Electronics,$864.67,"$26,804.77","$53,609.54",Low Engagement,,,,,
991,21,Other,"$80,264",41,4,26,Sports,$458.93,"$11,932.18","$47,728.72",Low Engagement,,,,,
992,53,Other,"$83,578",97,5,50,Sports,$917.08,"$45,854.00","$229,270.00",Price Sensitive,,,,,
993,22,Female,"$125,479",57,8,27,Home & Garden,$139.75,"$3,773.25","$30,186.00",High Value,,,,,
994,29,Female,"$64,799",42,5,19,Electronics,$967.26,"$18,377.94","$91,889.70",Low Engagement,,,,,
995,60,Male,"$71,923",25,2,40,Clothing,$986.97,"$39,478.80","$78,957.60",Low Engagement,,,,,
996,57,Male,"$112,170",57,6,1,Clothing,$313.64,$313.64,"$1,881.84",High Value,,,,,
997,23,Other,"$65,337",76,10,23,Groceries,$632.83,"$14,555.09","$145,550.90",Price Sensitive,,,,,
998,23,Male,"$113,097",40,5,42,Sports,$75.09,"$3,153.78","$15,768.90",Growth Potential,,,,,
999,22,Female,"$113,695",63,7,44,Electronics,$505.16,"$22,227.04","$155,589.28",High Value,,,,,
1000,36,Female,"$90,420",7,2,31,Groceries,$669.26,"$20,747.06","$41,494.12",Growth Potential,,,,,
